n_activities,n_dependencies,n_dus,n_dps,n_dus_edges,dus_distance_to_end,dataset,instance
32,48,10,14,20,1.8,j30,j3010_1.sm
32,48,9,12,18,1.7777777777777777,j30,j3010_10.sm
32,48,10,18,20,1.9,j30,j3010_2.sm
32,48,10,15,17,1.8,j30,j3010_3.sm
32,48,11,17,21,1.9090909090909092,j30,j3010_4.sm
32,48,8,14,14,2.0,j30,j3010_5.sm
32,48,9,15,17,1.6666666666666667,j30,j3010_6.sm
32,48,9,15,17,2.0,j30,j3010_7.sm
32,48,9,12,15,1.8888888888888888,j30,j3010_8.sm
32,48,9,12,16,1.7777777777777777,j30,j3010_9.sm
32,48,11,16,23,1.7272727272727273,j30,j3011_1.sm
32,48,10,14,19,1.8,j30,j3011_10.sm
32,48,10,15,20,1.6,j30,j3011_2.sm
32,48,14,19,28,1.8571428571428572,j30,j3011_3.sm
32,48,11,18,20,2.0,j30,j3011_4.sm
32,48,10,17,19,1.8,j30,j3011_5.sm
32,48,10,15,21,1.6,j30,j3011_6.sm
32,48,9,15,18,1.8888888888888888,j30,j3011_7.sm
32,48,11,16,23,1.7272727272727273,j30,j3011_8.sm
32,48,12,18,23,1.9166666666666667,j30,j3011_9.sm
32,48,9,13,15,1.8888888888888888,j30,j3012_1.sm
32,48,10,14,19,1.8,j30,j3012_10.sm
32,48,10,15,22,1.6,j30,j3012_2.sm
32,48,10,15,23,1.6,j30,j3012_3.sm
32,48,10,16,22,1.7,j30,j3012_4.sm
32,48,10,14,19,1.8,j30,j3012_5.sm
32,48,10,16,20,1.6,j30,j3012_6.sm
32,48,10,16,20,2.1,j30,j3012_7.sm
32,48,9,11,16,1.8888888888888888,j30,j3012_8.sm
32,48,9,16,18,1.6666666666666667,j30,j3012_9.sm
32,48,10,14,19,1.8,j30,j3013_1.sm
32,48,11,15,22,1.9090909090909092,j30,j3013_10.sm
32,48,9,12,16,1.7777777777777777,j30,j3013_2.sm
32,48,10,16,19,1.8,j30,j3013_3.sm
32,48,10,16,20,1.8,j30,j3013_4.sm
32,48,9,13,15,1.8888888888888888,j30,j3013_5.sm
32,48,9,14,17,2.0,j30,j3013_6.sm
32,48,11,18,24,1.9090909090909092,j30,j3013_7.sm
32,48,11,15,20,2.0,j30,j3013_8.sm
32,48,11,17,23,1.9090909090909092,j30,j3013_9.sm
32,48,12,21,25,1.75,j30,j3014_1.sm
32,48,10,15,20,1.8,j30,j3014_10.sm
32,48,10,14,19,1.8,j30,j3014_2.sm
32,48,10,17,19,2.0,j30,j3014_3.sm
32,48,10,17,20,1.9,j30,j3014_4.sm
32,48,11,16,22,1.6363636363636365,j30,j3014_5.sm
32,48,9,12,15,1.7777777777777777,j30,j3014_6.sm
32,48,11,16,22,1.8181818181818181,j30,j3014_7.sm
32,48,10,14,17,1.9,j30,j3014_8.sm
32,48,10,13,18,1.9,j30,j3014_9.sm
32,48,10,16,21,1.8,j30,j3015_1.sm
32,48,12,20,27,1.9166666666666667,j30,j3015_10.sm
32,48,10,13,19,1.8,j30,j3015_2.sm
32,48,11,15,17,1.9090909090909092,j30,j3015_3.sm
32,48,9,14,15,2.0,j30,j3015_4.sm
32,48,10,17,20,2.0,j30,j3015_5.sm
32,48,11,16,20,1.8181818181818181,j30,j3015_6.sm
32,48,10,16,20,1.9,j30,j3015_7.sm
32,48,10,17,19,1.8,j30,j3015_8.sm
32,48,12,18,24,2.0833333333333335,j30,j3015_9.sm
32,48,11,20,24,1.6363636363636365,j30,j3016_1.sm
32,48,10,17,21,1.8,j30,j3016_10.sm
32,48,10,16,21,1.6,j30,j3016_2.sm
32,48,10,17,22,1.7,j30,j3016_3.sm
32,48,10,15,18,2.0,j30,j3016_4.sm
32,48,9,14,15,2.0,j30,j3016_5.sm
32,48,10,15,19,1.6,j30,j3016_6.sm
32,48,9,15,16,1.8888888888888888,j30,j3016_7.sm
32,48,10,14,19,2.0,j30,j3016_8.sm
32,48,10,15,19,1.9,j30,j3016_9.sm
32,58,10,16,20,2.0,j30,j3017_1.sm
32,58,11,14,20,1.9090909090909092,j30,j3017_10.sm
32,58,11,21,24,2.0,j30,j3017_2.sm
32,58,11,18,23,1.7272727272727273,j30,j3017_3.sm
32,58,11,17,22,1.9090909090909092,j30,j3017_4.sm
32,58,10,17,21,1.9,j30,j3017_5.sm
32,58,13,20,28,2.230769230769231,j30,j3017_6.sm
32,58,10,22,22,2.2,j30,j3017_7.sm
32,58,10,16,22,1.8,j30,j3017_8.sm
32,58,12,20,30,1.8333333333333333,j30,j3017_9.sm
32,58,10,17,22,1.8,j30,j3018_1.sm
32,58,11,18,23,1.6363636363636365,j30,j3018_10.sm
32,58,12,21,25,1.9166666666666667,j30,j3018_2.sm
32,58,11,19,24,1.7272727272727273,j30,j3018_3.sm
32,58,11,17,21,2.0,j30,j3018_4.sm
32,58,11,20,27,2.0,j30,j3018_5.sm
32,58,12,18,26,2.0833333333333335,j30,j3018_6.sm
32,58,11,16,21,2.272727272727273,j30,j3018_7.sm
32,58,9,16,18,2.0,j30,j3018_8.sm
32,58,10,14,20,1.8,j30,j3018_9.sm
32,58,10,16,22,1.9,j30,j3019_1.sm
32,58,9,17,19,2.0,j30,j3019_10.sm
32,58,10,20,22,2.1,j30,j3019_2.sm
32,58,13,21,29,2.1538461538461537,j30,j3019_3.sm
32,58,9,16,20,1.8888888888888888,j30,j3019_4.sm
32,58,10,15,19,2.0,j30,j3019_5.sm
32,58,11,17,22,2.3636363636363638,j30,j3019_6.sm
32,58,10,20,21,1.8,j30,j3019_7.sm
32,58,10,19,23,2.0,j30,j3019_8.sm
32,58,10,18,23,1.7,j30,j3019_9.sm
32,48,11,13,20,1.9090909090909092,j30,j301_1.sm
32,48,10,16,18,2.2,j30,j301_10.sm
32,48,9,13,17,1.8888888888888888,j30,j301_2.sm
32,48,11,17,24,1.7272727272727273,j30,j301_3.sm
32,48,10,15,20,1.7,j30,j301_4.sm
32,48,11,17,20,2.0,j30,j301_5.sm
32,48,11,17,21,1.8181818181818181,j30,j301_6.sm
32,48,12,20,25,1.8333333333333333,j30,j301_7.sm
32,48,9,14,18,1.5555555555555556,j30,j301_8.sm
32,48,10,13,17,1.8,j30,j301_9.sm
32,58,10,15,19,1.9,j30,j3020_1.sm
32,58,9,13,15,2.111111111111111,j30,j3020_10.sm
32,58,12,19,29,1.8333333333333333,j30,j3020_2.sm
32,58,10,14,18,1.6,j30,j3020_3.sm
32,58,8,11,13,2.25,j30,j3020_4.sm
32,58,12,20,29,2.0,j30,j3020_5.sm
32,58,10,16,20,1.7,j30,j3020_6.sm
32,58,9,18,18,1.7777777777777777,j30,j3020_7.sm
32,58,12,16,22,2.1666666666666665,j30,j3020_8.sm
32,58,10,17,21,1.9,j30,j3020_9.sm
32,58,12,22,26,2.25,j30,j3021_1.sm
32,58,10,19,23,1.8,j30,j3021_10.sm
32,58,10,15,19,1.8,j30,j3021_2.sm
32,58,12,20,28,1.9166666666666667,j30,j3021_3.sm
32,58,10,18,21,2.3,j30,j3021_4.sm
32,58,10,21,20,2.5,j30,j3021_5.sm
32,58,10,20,25,2.0,j30,j3021_6.sm
32,58,10,17,21,2.0,j30,j3021_7.sm
32,58,10,16,20,2.0,j30,j3021_8.sm
32,58,10,16,19,1.6,j30,j3021_9.sm
32,58,11,20,25,1.7272727272727273,j30,j3022_1.sm
32,58,10,13,20,1.8,j30,j3022_10.sm
32,58,10,14,18,2.0,j30,j3022_2.sm
32,58,10,19,20,2.1,j30,j3022_3.sm
32,58,10,16,22,1.8,j30,j3022_4.sm
32,58,9,14,17,1.8888888888888888,j30,j3022_5.sm
32,58,10,17,23,1.8,j30,j3022_6.sm
32,58,12,20,28,1.75,j30,j3022_7.sm
32,58,10,17,20,1.8,j30,j3022_8.sm
32,58,12,20,26,1.9166666666666667,j30,j3022_9.sm
32,58,10,19,22,2.0,j30,j3023_1.sm
32,58,11,19,24,1.8181818181818181,j30,j3023_10.sm
32,58,10,18,23,1.7,j30,j3023_2.sm
32,58,10,18,23,1.8,j30,j3023_3.sm
32,58,12,20,27,1.75,j30,j3023_4.sm
32,58,11,15,22,2.090909090909091,j30,j3023_5.sm
32,58,12,19,28,1.9166666666666667,j30,j3023_6.sm
32,58,13,19,29,1.8461538461538463,j30,j3023_7.sm
32,58,11,18,24,1.7272727272727273,j30,j3023_8.sm
32,58,12,19,30,2.0,j30,j3023_9.sm
32,58,12,19,24,2.0833333333333335,j30,j3024_1.sm
32,58,10,18,22,2.0,j30,j3024_10.sm
32,58,11,16,23,2.0,j30,j3024_2.sm
32,58,10,17,20,1.7,j30,j3024_3.sm
32,58,10,15,23,1.8,j30,j3024_4.sm
32,58,10,18,24,1.8,j30,j3024_5.sm
32,58,10,16,21,1.6,j30,j3024_6.sm
32,58,12,18,29,1.8333333333333333,j30,j3024_7.sm
32,58,9,14,16,1.6666666666666667,j30,j3024_8.sm
32,58,9,17,17,2.0,j30,j3024_9.sm
32,58,12,19,28,1.9166666666666667,j30,j3025_1.sm
32,58,11,21,24,2.090909090909091,j30,j3025_10.sm
32,58,11,18,25,2.090909090909091,j30,j3025_2.sm
32,58,10,13,20,1.7,j30,j3025_3.sm
32,58,10,20,22,1.8,j30,j3025_4.sm
32,58,10,18,21,2.0,j30,j3025_5.sm
32,58,10,15,20,1.8,j30,j3025_6.sm
32,58,10,21,20,1.9,j30,j3025_7.sm
32,58,9,16,18,1.8888888888888888,j30,j3025_8.sm
32,58,10,19,20,2.1,j30,j3025_9.sm
32,58,12,21,27,1.9166666666666667,j30,j3026_1.sm
32,58,10,18,22,2.0,j30,j3026_10.sm
32,58,11,17,24,1.6363636363636365,j30,j3026_2.sm
32,58,12,23,27,1.6666666666666667,j30,j3026_3.sm
32,58,11,16,23,1.7272727272727273,j30,j3026_4.sm
32,58,11,20,25,1.8181818181818181,j30,j3026_5.sm
32,58,12,20,27,1.9166666666666667,j30,j3026_6.sm
32,58,11,17,22,1.9090909090909092,j30,j3026_7.sm
32,58,11,15,25,1.6363636363636365,j30,j3026_8.sm
32,58,10,16,19,2.0,j30,j3026_9.sm
32,58,10,16,19,2.3,j30,j3027_1.sm
32,58,12,17,26,2.0833333333333335,j30,j3027_10.sm
32,58,11,19,23,1.9090909090909092,j30,j3027_2.sm
32,58,12,19,28,2.0,j30,j3027_3.sm
32,58,14,21,31,1.8571428571428572,j30,j3027_4.sm
32,58,9,17,16,2.111111111111111,j30,j3027_5.sm
32,58,12,19,27,2.0,j30,j3027_6.sm
32,58,11,18,22,2.090909090909091,j30,j3027_7.sm
32,58,11,21,27,1.6363636363636365,j30,j3027_8.sm
32,58,12,20,29,1.9166666666666667,j30,j3027_9.sm
32,58,11,19,27,1.9090909090909092,j30,j3028_1.sm
32,58,11,19,24,1.9090909090909092,j30,j3028_10.sm
32,58,11,20,24,1.6363636363636365,j30,j3028_2.sm
32,58,11,17,25,1.8181818181818181,j30,j3028_3.sm
32,58,11,20,23,2.272727272727273,j30,j3028_4.sm
32,58,13,18,30,1.8461538461538463,j30,j3028_5.sm
32,58,12,22,29,2.0,j30,j3028_6.sm
32,58,10,15,20,1.9,j30,j3028_7.sm
32,58,10,18,22,2.0,j30,j3028_8.sm
32,58,10,17,18,2.0,j30,j3028_9.sm
32,58,12,19,28,1.9166666666666667,j30,j3029_1.sm
32,58,12,22,26,2.1666666666666665,j30,j3029_10.sm
32,58,11,17,24,1.7272727272727273,j30,j3029_2.sm
32,58,11,20,25,1.6363636363636365,j30,j3029_3.sm
32,58,11,19,24,2.090909090909091,j30,j3029_4.sm
32,58,10,17,22,1.7,j30,j3029_5.sm
32,58,10,18,22,1.9,j30,j3029_6.sm
32,58,10,19,22,1.8,j30,j3029_7.sm
32,58,10,14,20,1.9,j30,j3029_8.sm
32,58,11,20,27,1.8181818181818181,j30,j3029_9.sm
32,48,10,15,19,1.8,j30,j302_1.sm
32,48,10,16,19,2.1,j30,j302_10.sm
32,48,8,13,14,1.875,j30,j302_2.sm
32,48,9,13,17,1.7777777777777777,j30,j302_3.sm
32,48,8,11,10,2.375,j30,j302_4.sm
32,48,11,18,23,1.8181818181818181,j30,j302_5.sm
32,48,10,15,18,1.8,j30,j302_6.sm
32,48,10,15,21,1.6,j30,j302_7.sm
32,48,11,16,23,1.7272727272727273,j30,j302_8.sm
32,48,9,15,20,1.8888888888888888,j30,j302_9.sm
32,58,10,16,23,1.8,j30,j3030_1.sm
32,58,9,15,17,2.0,j30,j3030_10.sm
32,58,11,20,24,1.6363636363636365,j30,j3030_2.sm
32,58,12,18,27,1.8333333333333333,j30,j3030_3.sm
32,58,11,19,25,2.0,j30,j3030_4.sm
32,58,12,23,28,2.1666666666666665,j30,j3030_5.sm
32,58,9,16,18,2.111111111111111,j30,j3030_6.sm
32,58,11,19,23,2.0,j30,j3030_7.sm
32,58,9,17,17,1.8888888888888888,j30,j3030_8.sm
32,58,9,13,17,1.7777777777777777,j30,j3030_9.sm
32,58,10,17,23,1.6,j30,j3031_1.sm
32,58,11,18,23,2.0,j30,j3031_10.sm
32,58,11,17,23,1.7272727272727273,j30,j3031_2.sm
32,58,10,17,24,1.7,j30,j3031_3.sm
32,58,10,16,20,2.0,j30,j3031_4.sm
32,58,11,22,29,1.8181818181818181,j30,j3031_5.sm
32,58,10,17,24,2.0,j30,j3031_6.sm
32,58,11,22,29,1.9090909090909092,j30,j3031_7.sm
32,58,11,19,21,2.090909090909091,j30,j3031_8.sm
32,58,11,19,27,1.9090909090909092,j30,j3031_9.sm
32,58,11,19,22,2.0,j30,j3032_1.sm
32,58,10,15,21,1.8,j30,j3032_10.sm
32,58,9,17,18,1.8888888888888888,j30,j3032_2.sm
32,58,11,18,27,1.7272727272727273,j30,j3032_3.sm
32,58,12,23,27,2.0,j30,j3032_4.sm
32,58,10,18,23,1.9,j30,j3032_5.sm
32,58,11,19,26,2.0,j30,j3032_6.sm
32,58,11,18,25,1.9090909090909092,j30,j3032_7.sm
32,58,10,20,24,2.0,j30,j3032_8.sm
32,58,12,18,26,1.9166666666666667,j30,j3032_9.sm
32,68,11,21,23,2.090909090909091,j30,j3033_1.sm
32,68,10,16,20,2.0,j30,j3033_10.sm
32,68,10,20,24,1.7,j30,j3033_2.sm
32,68,11,17,24,1.9090909090909092,j30,j3033_3.sm
32,68,11,20,27,2.090909090909091,j30,j3033_4.sm
32,68,9,17,18,2.111111111111111,j30,j3033_5.sm
32,68,11,21,27,1.8181818181818181,j30,j3033_6.sm
32,68,10,20,22,2.2,j30,j3033_7.sm
32,68,12,19,29,1.9166666666666667,j30,j3033_8.sm
32,68,10,15,21,2.0,j30,j3033_9.sm
32,68,10,20,25,1.8,j30,j3034_1.sm
32,68,10,15,20,2.0,j30,j3034_10.sm
32,68,11,19,24,2.1818181818181817,j30,j3034_2.sm
32,68,11,22,27,2.090909090909091,j30,j3034_3.sm
32,68,12,23,31,2.1666666666666665,j30,j3034_4.sm
32,68,11,22,28,2.0,j30,j3034_5.sm
32,68,10,21,23,2.0,j30,j3034_6.sm
32,68,10,19,22,2.1,j30,j3034_7.sm
32,68,11,19,24,1.6363636363636365,j30,j3034_8.sm
32,68,11,22,26,1.7272727272727273,j30,j3034_9.sm
32,68,10,16,22,2.0,j30,j3035_1.sm
32,68,11,21,26,1.8181818181818181,j30,j3035_10.sm
32,68,9,18,17,2.2222222222222223,j30,j3035_2.sm
32,68,11,22,27,1.9090909090909092,j30,j3035_3.sm
32,68,9,18,17,2.2222222222222223,j30,j3035_4.sm
32,68,11,19,25,2.0,j30,j3035_5.sm
32,68,12,24,32,2.0,j30,j3035_6.sm
32,68,11,20,25,2.1818181818181817,j30,j3035_7.sm
32,68,10,19,22,2.0,j30,j3035_8.sm
32,68,12,23,32,2.0,j30,j3035_9.sm
32,68,11,18,26,1.9090909090909092,j30,j3036_1.sm
32,68,11,20,27,1.9090909090909092,j30,j3036_10.sm
32,68,10,17,22,1.8,j30,j3036_2.sm
32,68,11,20,25,1.6363636363636365,j30,j3036_3.sm
32,68,11,20,27,2.0,j30,j3036_4.sm
32,68,11,17,22,1.7272727272727273,j30,j3036_5.sm
32,68,10,23,25,1.7,j30,j3036_6.sm
32,68,10,20,22,2.0,j30,j3036_7.sm
32,68,13,25,32,1.9230769230769231,j30,j3036_8.sm
32,68,11,19,21,2.090909090909091,j30,j3036_9.sm
32,68,10,16,22,1.8,j30,j3037_1.sm
32,68,11,24,31,2.0,j30,j3037_10.sm
32,68,11,17,25,1.7272727272727273,j30,j3037_2.sm
32,68,10,17,20,2.4,j30,j3037_3.sm
32,68,12,22,30,1.75,j30,j3037_4.sm
32,68,11,20,26,2.090909090909091,j30,j3037_5.sm
32,68,13,23,33,2.0,j30,j3037_6.sm
32,68,11,21,24,2.090909090909091,j30,j3037_7.sm
32,68,11,22,28,2.0,j30,j3037_8.sm
32,68,12,21,28,1.8333333333333333,j30,j3037_9.sm
32,68,11,21,27,2.090909090909091,j30,j3038_1.sm
32,68,12,22,26,2.0,j30,j3038_10.sm
32,68,10,20,23,1.8,j30,j3038_2.sm
32,68,10,19,22,2.0,j30,j3038_3.sm
32,68,11,21,26,1.8181818181818181,j30,j3038_4.sm
32,68,10,19,23,1.9,j30,j3038_5.sm
32,68,11,21,26,1.6363636363636365,j30,j3038_6.sm
32,68,10,16,22,1.8,j30,j3038_7.sm
32,68,11,20,25,1.6363636363636365,j30,j3038_8.sm
32,68,10,20,24,1.9,j30,j3038_9.sm
32,68,10,17,19,2.0,j30,j3039_1.sm
32,68,12,24,30,1.8333333333333333,j30,j3039_10.sm
32,68,11,21,25,2.0,j30,j3039_2.sm
32,68,10,19,22,1.9,j30,j3039_3.sm
32,68,10,18,23,1.8,j30,j3039_4.sm
32,68,10,18,23,1.9,j30,j3039_5.sm
32,68,12,20,29,1.8333333333333333,j30,j3039_6.sm
32,68,10,15,22,1.9,j30,j3039_7.sm
32,68,11,19,27,1.9090909090909092,j30,j3039_8.sm
32,68,12,24,30,2.0833333333333335,j30,j3039_9.sm
32,48,12,17,20,2.3333333333333335,j30,j303_1.sm
32,48,10,14,17,1.8,j30,j303_10.sm
32,48,9,16,18,1.7777777777777777,j30,j303_2.sm
32,48,11,15,21,2.090909090909091,j30,j303_3.sm
32,48,15,19,28,2.2,j30,j303_4.sm
32,48,11,16,22,2.0,j30,j303_5.sm
32,48,11,16,23,1.6363636363636365,j30,j303_6.sm
32,48,9,11,15,1.5555555555555556,j30,j303_7.sm
32,48,10,15,18,2.0,j30,j303_8.sm
32,48,11,17,23,1.7272727272727273,j30,j303_9.sm
32,68,10,21,26,1.9,j30,j3040_1.sm
32,68,11,20,26,1.8181818181818181,j30,j3040_10.sm
32,68,10,15,22,2.1,j30,j3040_2.sm
32,68,10,16,23,2.0,j30,j3040_3.sm
32,68,10,17,20,1.7,j30,j3040_4.sm
32,68,11,22,28,2.090909090909091,j30,j3040_5.sm
32,68,13,22,31,2.0,j30,j3040_6.sm
32,68,10,17,23,1.8,j30,j3040_7.sm
32,68,10,16,22,1.8,j30,j3040_8.sm
32,68,10,19,22,1.9,j30,j3040_9.sm
32,68,11,19,25,2.090909090909091,j30,j3041_1.sm
32,68,10,21,23,1.8,j30,j3041_10.sm
32,68,11,19,24,2.1818181818181817,j30,j3041_2.sm
32,68,11,23,29,1.9090909090909092,j30,j3041_3.sm
32,68,10,19,23,2.0,j30,j3041_4.sm
32,68,12,22,30,1.9166666666666667,j30,j3041_5.sm
32,68,11,23,28,1.9090909090909092,j30,j3041_6.sm
32,68,10,16,20,2.1,j30,j3041_7.sm
32,68,10,18,21,1.8,j30,j3041_8.sm
32,68,11,17,25,1.8181818181818181,j30,j3041_9.sm
32,68,10,18,22,1.6,j30,j3042_1.sm
32,68,11,23,27,2.090909090909091,j30,j3042_10.sm
32,68,11,21,26,1.6363636363636365,j30,j3042_2.sm
32,68,11,18,24,2.0,j30,j3042_3.sm
32,68,10,17,22,1.8,j30,j3042_4.sm
32,68,11,18,25,1.9090909090909092,j30,j3042_5.sm
32,68,11,21,26,1.8181818181818181,j30,j3042_6.sm
32,68,12,22,28,1.8333333333333333,j30,j3042_7.sm
32,68,11,22,27,1.9090909090909092,j30,j3042_8.sm
32,68,10,21,25,1.9,j30,j3042_9.sm
32,68,11,21,28,1.7272727272727273,j30,j3043_1.sm
32,68,11,17,24,1.9090909090909092,j30,j3043_10.sm
32,68,10,20,23,1.9,j30,j3043_2.sm
32,68,11,19,26,1.7272727272727273,j30,j3043_3.sm
32,68,10,18,25,1.9,j30,j3043_4.sm
32,68,11,19,26,2.0,j30,j3043_5.sm
32,68,11,19,23,2.0,j30,j3043_6.sm
32,68,12,22,30,1.9166666666666667,j30,j3043_7.sm
32,68,12,19,28,1.8333333333333333,j30,j3043_8.sm
32,68,12,21,30,1.8333333333333333,j30,j3043_9.sm
32,68,11,23,27,1.8181818181818181,j30,j3044_1.sm
32,68,10,22,22,2.3,j30,j3044_10.sm
32,68,10,17,21,2.0,j30,j3044_2.sm
32,68,11,19,25,1.8181818181818181,j30,j3044_3.sm
32,68,11,22,26,2.090909090909091,j30,j3044_4.sm
32,68,9,15,17,2.4444444444444446,j30,j3044_5.sm
32,68,12,22,28,2.0833333333333335,j30,j3044_6.sm
32,68,10,18,22,2.0,j30,j3044_7.sm
32,68,11,18,26,1.8181818181818181,j30,j3044_8.sm
32,68,12,23,27,2.0833333333333335,j30,j3044_9.sm
32,68,11,18,27,1.6363636363636365,j30,j3045_1.sm
32,68,13,22,31,2.076923076923077,j30,j3045_10.sm
32,68,11,20,25,1.8181818181818181,j30,j3045_2.sm
32,68,11,23,25,2.0,j30,j3045_3.sm
32,68,11,20,28,2.0,j30,j3045_4.sm
32,68,11,19,24,2.0,j30,j3045_5.sm
32,68,11,17,25,1.9090909090909092,j30,j3045_6.sm
32,68,12,26,30,2.1666666666666665,j30,j3045_7.sm
32,68,12,19,28,1.75,j30,j3045_8.sm
32,68,11,16,22,2.0,j30,j3045_9.sm
32,68,11,18,27,1.6363636363636365,j30,j3046_1.sm
32,68,10,21,24,2.0,j30,j3046_10.sm
32,68,12,22,30,1.8333333333333333,j30,j3046_2.sm
32,68,11,21,27,2.0,j30,j3046_3.sm
32,68,11,22,27,2.0,j30,j3046_4.sm
32,68,11,17,24,2.0,j30,j3046_5.sm
32,68,11,18,26,1.9090909090909092,j30,j3046_6.sm
32,68,12,25,32,1.75,j30,j3046_7.sm
32,68,11,19,26,2.0,j30,j3046_8.sm
32,68,10,18,23,2.0,j30,j3046_9.sm
32,68,12,21,28,2.0,j30,j3047_1.sm
32,68,11,20,28,1.9090909090909092,j30,j3047_10.sm
32,68,11,20,26,2.0,j30,j3047_2.sm
32,68,10,20,24,2.0,j30,j3047_3.sm
32,68,11,19,25,2.0,j30,j3047_4.sm
32,68,10,22,24,1.9,j30,j3047_5.sm
32,68,11,19,28,1.6363636363636365,j30,j3047_6.sm
32,68,11,18,27,1.8181818181818181,j30,j3047_7.sm
32,68,10,21,24,1.9,j30,j3047_8.sm
32,68,12,21,30,1.9166666666666667,j30,j3047_9.sm
32,68,12,21,29,1.9166666666666667,j30,j3048_1.sm
32,68,10,18,23,2.0,j30,j3048_10.sm
32,68,12,20,27,1.6666666666666667,j30,j3048_2.sm
32,68,10,15,19,2.1,j30,j3048_3.sm
32,68,10,20,22,2.3,j30,j3048_4.sm
32,68,9,18,20,2.111111111111111,j30,j3048_5.sm
32,68,11,19,27,1.7272727272727273,j30,j3048_6.sm
32,68,11,23,27,2.0,j30,j3048_7.sm
32,68,10,15,18,2.2,j30,j3048_8.sm
32,68,11,18,25,2.090909090909091,j30,j3048_9.sm
32,48,11,17,21,1.8181818181818181,j30,j304_1.sm
32,48,10,14,19,1.8,j30,j304_10.sm
32,48,12,19,23,1.9166666666666667,j30,j304_2.sm
32,48,10,15,21,1.6,j30,j304_3.sm
32,48,11,18,20,2.272727272727273,j30,j304_4.sm
32,48,11,16,24,1.6363636363636365,j30,j304_5.sm
32,48,12,15,22,2.0,j30,j304_6.sm
32,48,11,15,21,1.7272727272727273,j30,j304_7.sm
32,48,11,16,20,1.8181818181818181,j30,j304_8.sm
32,48,10,14,18,1.9,j30,j304_9.sm
32,48,9,15,17,1.6666666666666667,j30,j305_1.sm
32,48,10,15,17,2.0,j30,j305_10.sm
32,48,9,16,17,1.6666666666666667,j30,j305_2.sm
32,48,10,13,20,1.6,j30,j305_3.sm
32,48,9,12,17,1.7777777777777777,j30,j305_4.sm
32,48,12,17,20,2.0,j30,j305_5.sm
32,48,9,13,16,1.7777777777777777,j30,j305_6.sm
32,48,8,13,15,1.875,j30,j305_7.sm
32,48,10,17,22,1.9,j30,j305_8.sm
32,48,11,13,20,1.9090909090909092,j30,j305_9.sm
32,48,10,15,16,2.1,j30,j306_1.sm
32,48,11,17,23,1.9090909090909092,j30,j306_10.sm
32,48,11,16,22,2.1818181818181817,j30,j306_2.sm
32,48,10,13,15,1.9,j30,j306_3.sm
32,48,10,16,20,1.9,j30,j306_4.sm
32,48,10,14,18,1.9,j30,j306_5.sm
32,48,11,16,22,1.9090909090909092,j30,j306_6.sm
32,48,11,17,21,1.8181818181818181,j30,j306_7.sm
32,48,9,12,16,1.7777777777777777,j30,j306_8.sm
32,48,11,18,24,2.0,j30,j306_9.sm
32,48,10,15,18,1.8,j30,j307_1.sm
32,48,11,15,22,1.6363636363636365,j30,j307_10.sm
32,48,9,13,16,1.7777777777777777,j30,j307_2.sm
32,48,11,15,21,1.9090909090909092,j30,j307_3.sm
32,48,10,14,18,1.7,j30,j307_4.sm
32,48,10,14,20,1.6,j30,j307_5.sm
32,48,9,14,16,2.0,j30,j307_6.sm
32,48,11,15,19,1.8181818181818181,j30,j307_7.sm
32,48,9,14,17,1.8888888888888888,j30,j307_8.sm
32,48,11,15,22,1.7272727272727273,j30,j307_9.sm
32,48,10,16,19,2.0,j30,j308_1.sm
32,48,12,19,24,2.0,j30,j308_10.sm
32,48,10,14,19,1.8,j30,j308_2.sm
32,48,10,13,19,1.9,j30,j308_3.sm
32,48,10,15,20,1.8,j30,j308_4.sm
32,48,11,15,21,1.6363636363636365,j30,j308_5.sm
32,48,9,13,15,1.8888888888888888,j30,j308_6.sm
32,48,9,13,18,1.5555555555555556,j30,j308_7.sm
32,48,10,16,20,1.6,j30,j308_8.sm
32,48,9,11,17,1.7777777777777777,j30,j308_9.sm
32,48,11,15,21,1.8181818181818181,j30,j309_1.sm
32,48,11,18,23,1.8181818181818181,j30,j309_10.sm
32,48,12,20,26,2.0,j30,j309_2.sm
32,48,10,16,21,1.8,j30,j309_3.sm
32,48,9,13,16,1.8888888888888888,j30,j309_4.sm
32,48,11,18,21,2.090909090909091,j30,j309_5.sm
32,48,9,14,16,1.8888888888888888,j30,j309_6.sm
32,48,10,15,19,1.8,j30,j309_7.sm
32,48,10,15,20,1.9,j30,j309_8.sm
32,48,9,15,16,1.8888888888888888,j30,j309_9.sm
62,93,14,25,33,1.8571428571428572,j60,j6010_1.sm
62,93,13,25,28,2.076923076923077,j60,j6010_10.sm
62,93,12,21,28,1.8333333333333333,j60,j6010_2.sm
62,93,14,28,36,2.0,j60,j6010_3.sm
62,93,16,28,41,2.0,j60,j6010_4.sm
62,93,14,27,39,1.8571428571428572,j60,j6010_5.sm
62,93,13,28,32,2.076923076923077,j60,j6010_6.sm
62,93,13,22,31,2.0,j60,j6010_7.sm
62,93,13,24,31,2.076923076923077,j60,j6010_8.sm
62,93,15,28,39,1.7333333333333334,j60,j6010_9.sm
62,93,11,22,25,2.1818181818181817,j60,j6011_1.sm
62,93,10,21,21,2.3,j60,j6011_10.sm
62,93,13,23,29,1.9230769230769231,j60,j6011_2.sm
62,93,14,28,36,1.9285714285714286,j60,j6011_3.sm
62,93,16,28,40,2.125,j60,j6011_4.sm
62,93,12,23,27,2.0,j60,j6011_5.sm
62,93,13,22,29,2.076923076923077,j60,j6011_6.sm
62,93,12,28,30,2.0833333333333335,j60,j6011_7.sm
62,93,13,23,30,2.230769230769231,j60,j6011_8.sm
62,93,13,22,32,1.7692307692307692,j60,j6011_9.sm
62,93,12,23,27,1.8333333333333333,j60,j6012_1.sm
62,93,16,29,38,2.0625,j60,j6012_10.sm
62,93,12,21,28,1.9166666666666667,j60,j6012_2.sm
62,93,14,24,33,2.2142857142857144,j60,j6012_3.sm
62,93,14,28,36,1.8571428571428572,j60,j6012_4.sm
62,93,12,21,27,2.4166666666666665,j60,j6012_5.sm
62,93,11,18,22,1.9090909090909092,j60,j6012_6.sm
62,93,14,29,37,2.0714285714285716,j60,j6012_7.sm
62,93,14,25,32,1.9285714285714286,j60,j6012_8.sm
62,93,13,23,31,1.9230769230769231,j60,j6012_9.sm
62,93,13,24,34,2.076923076923077,j60,j6013_1.sm
62,93,13,27,30,2.0,j60,j6013_10.sm
62,93,14,26,30,2.357142857142857,j60,j6013_2.sm
62,93,13,25,32,1.9230769230769231,j60,j6013_3.sm
62,93,12,26,30,2.0,j60,j6013_4.sm
62,93,12,22,26,1.9166666666666667,j60,j6013_5.sm
62,93,12,22,27,1.9166666666666667,j60,j6013_6.sm
62,93,12,21,26,1.9166666666666667,j60,j6013_7.sm
62,93,14,28,35,2.142857142857143,j60,j6013_8.sm
62,93,15,25,36,1.9333333333333333,j60,j6013_9.sm
62,93,13,25,32,2.0,j60,j6014_1.sm
62,93,14,28,35,1.7857142857142858,j60,j6014_10.sm
62,93,13,26,28,2.0,j60,j6014_2.sm
62,93,14,26,34,2.0714285714285716,j60,j6014_3.sm
62,93,15,25,33,2.2,j60,j6014_4.sm
62,93,14,24,32,2.0714285714285716,j60,j6014_5.sm
62,93,12,25,27,1.75,j60,j6014_6.sm
62,93,13,24,32,2.076923076923077,j60,j6014_7.sm
62,93,19,33,45,2.5789473684210527,j60,j6014_8.sm
62,93,12,22,31,1.9166666666666667,j60,j6014_9.sm
62,93,15,29,36,2.466666666666667,j60,j6015_1.sm
62,93,12,25,30,1.8333333333333333,j60,j6015_10.sm
62,93,14,27,35,2.142857142857143,j60,j6015_2.sm
62,93,14,21,30,1.8571428571428572,j60,j6015_3.sm
62,93,14,27,37,2.0,j60,j6015_4.sm
62,93,13,28,33,2.3076923076923075,j60,j6015_5.sm
62,93,14,23,33,1.9285714285714286,j60,j6015_6.sm
62,93,11,24,26,2.1818181818181817,j60,j6015_7.sm
62,93,16,29,40,1.875,j60,j6015_8.sm
62,93,13,27,34,1.6923076923076923,j60,j6015_9.sm
62,93,13,26,30,2.1538461538461537,j60,j6016_1.sm
62,93,13,26,33,1.8461538461538463,j60,j6016_10.sm
62,93,13,27,33,2.076923076923077,j60,j6016_2.sm
62,93,16,27,37,2.25,j60,j6016_3.sm
62,93,15,27,38,2.2666666666666666,j60,j6016_4.sm
62,93,13,24,31,1.8461538461538463,j60,j6016_5.sm
62,93,12,26,30,1.9166666666666667,j60,j6016_6.sm
62,93,16,27,37,2.3125,j60,j6016_7.sm
62,93,15,27,36,2.1333333333333333,j60,j6016_8.sm
62,93,13,26,33,1.9230769230769231,j60,j6016_9.sm
62,112,14,30,36,1.9285714285714286,j60,j6017_1.sm
62,112,14,34,43,2.0,j60,j6017_10.sm
62,112,13,26,35,1.8461538461538463,j60,j6017_2.sm
62,112,14,29,37,2.0714285714285716,j60,j6017_3.sm
62,112,14,28,34,2.2142857142857144,j60,j6017_4.sm
62,112,15,33,45,1.8666666666666667,j60,j6017_5.sm
62,112,13,29,37,2.1538461538461537,j60,j6017_6.sm
62,112,13,28,33,2.076923076923077,j60,j6017_7.sm
62,112,14,33,40,1.9285714285714286,j60,j6017_8.sm
62,112,14,35,41,1.9285714285714286,j60,j6017_9.sm
62,112,13,28,38,2.1538461538461537,j60,j6018_1.sm
62,112,15,32,40,2.2666666666666666,j60,j6018_10.sm
62,112,13,29,35,1.9230769230769231,j60,j6018_2.sm
62,112,14,33,41,2.0,j60,j6018_3.sm
62,112,12,30,36,2.1666666666666665,j60,j6018_4.sm
62,112,14,27,37,1.9285714285714286,j60,j6018_5.sm
62,112,13,26,33,1.9230769230769231,j60,j6018_6.sm
62,112,14,36,41,1.9285714285714286,j60,j6018_7.sm
62,112,15,34,38,2.466666666666667,j60,j6018_8.sm
62,112,14,29,38,2.0714285714285716,j60,j6018_9.sm
62,112,13,30,35,1.9230769230769231,j60,j6019_1.sm
62,112,15,37,44,1.9333333333333333,j60,j6019_10.sm
62,112,14,36,41,2.0,j60,j6019_2.sm
62,112,14,31,42,1.9285714285714286,j60,j6019_3.sm
62,112,14,33,38,1.8571428571428572,j60,j6019_4.sm
62,112,13,31,35,2.1538461538461537,j60,j6019_5.sm
62,112,14,38,41,2.0714285714285716,j60,j6019_6.sm
62,112,15,33,43,2.0,j60,j6019_7.sm
62,112,17,37,48,2.0588235294117645,j60,j6019_8.sm
62,112,14,30,38,1.7857142857142858,j60,j6019_9.sm
62,93,14,25,35,1.9285714285714286,j60,j601_1.sm
62,93,16,29,36,2.125,j60,j601_10.sm
62,93,14,27,37,1.8571428571428572,j60,j601_2.sm
62,93,13,23,29,2.1538461538461537,j60,j601_3.sm
62,93,14,28,37,1.8571428571428572,j60,j601_4.sm
62,93,14,26,35,2.2142857142857144,j60,j601_5.sm
62,93,13,27,33,2.1538461538461537,j60,j601_6.sm
62,93,11,20,24,1.8181818181818181,j60,j601_7.sm
62,93,15,32,39,2.066666666666667,j60,j601_8.sm
62,93,13,26,30,2.076923076923077,j60,j601_9.sm
62,112,14,30,39,1.9285714285714286,j60,j6020_1.sm
62,112,15,29,39,2.0,j60,j6020_10.sm
62,112,17,39,51,2.0588235294117645,j60,j6020_2.sm
62,112,13,29,33,2.1538461538461537,j60,j6020_3.sm
62,112,15,27,38,2.2666666666666666,j60,j6020_4.sm
62,112,13,28,35,1.8461538461538463,j60,j6020_5.sm
62,112,19,36,50,2.1052631578947367,j60,j6020_6.sm
62,112,15,34,45,1.9333333333333333,j60,j6020_7.sm
62,112,14,27,38,1.9285714285714286,j60,j6020_8.sm
62,112,15,34,46,2.0,j60,j6020_9.sm
62,112,15,36,45,2.0,j60,j6021_1.sm
62,112,13,24,34,1.9230769230769231,j60,j6021_10.sm
62,112,16,34,44,2.1875,j60,j6021_2.sm
62,112,13,30,34,2.076923076923077,j60,j6021_3.sm
62,112,16,36,48,2.25,j60,j6021_4.sm
62,112,15,30,42,2.1333333333333333,j60,j6021_5.sm
62,112,13,28,29,2.1538461538461537,j60,j6021_6.sm
62,112,16,34,45,2.125,j60,j6021_7.sm
62,112,16,38,48,2.0625,j60,j6021_8.sm
62,112,13,31,40,2.076923076923077,j60,j6021_9.sm
62,112,13,33,36,2.3846153846153846,j60,j6022_1.sm
62,112,13,29,36,2.1538461538461537,j60,j6022_10.sm
62,112,15,31,42,1.9333333333333333,j60,j6022_2.sm
62,112,16,32,43,2.0,j60,j6022_3.sm
62,112,14,26,38,1.9285714285714286,j60,j6022_4.sm
62,112,15,33,41,2.0,j60,j6022_5.sm
62,112,14,35,40,2.2857142857142856,j60,j6022_6.sm
62,112,14,30,40,2.0,j60,j6022_7.sm
62,112,13,28,38,1.9230769230769231,j60,j6022_8.sm
62,112,13,31,35,2.1538461538461537,j60,j6022_9.sm
62,112,13,28,38,1.8461538461538463,j60,j6023_1.sm
62,112,16,30,40,2.25,j60,j6023_10.sm
62,112,14,31,35,2.142857142857143,j60,j6023_2.sm
62,112,13,29,34,2.0,j60,j6023_3.sm
62,112,16,39,51,2.1875,j60,j6023_4.sm
62,112,14,33,40,1.9285714285714286,j60,j6023_5.sm
62,112,17,36,53,1.9411764705882353,j60,j6023_6.sm
62,112,15,33,42,1.9333333333333333,j60,j6023_7.sm
62,112,13,33,35,2.230769230769231,j60,j6023_8.sm
62,112,14,34,39,2.2857142857142856,j60,j6023_9.sm
62,112,14,34,39,1.9285714285714286,j60,j6024_1.sm
62,112,16,36,52,2.25,j60,j6024_10.sm
62,112,14,31,40,2.2857142857142856,j60,j6024_2.sm
62,112,16,36,46,2.3125,j60,j6024_3.sm
62,112,16,33,47,2.25,j60,j6024_4.sm
62,112,13,29,37,1.9230769230769231,j60,j6024_5.sm
62,112,15,27,38,2.1333333333333333,j60,j6024_6.sm
62,112,14,32,41,2.0,j60,j6024_7.sm
62,112,15,32,41,2.0,j60,j6024_8.sm
62,112,14,30,37,2.2142857142857144,j60,j6024_9.sm
62,112,14,33,40,1.8571428571428572,j60,j6025_1.sm
62,112,16,34,44,2.25,j60,j6025_10.sm
62,112,14,31,42,2.0714285714285716,j60,j6025_2.sm
62,112,15,35,46,2.0,j60,j6025_3.sm
62,112,16,31,46,2.0,j60,j6025_4.sm
62,112,14,29,39,2.0,j60,j6025_5.sm
62,112,12,27,31,2.0,j60,j6025_6.sm
62,112,14,33,41,1.8571428571428572,j60,j6025_7.sm
62,112,13,29,35,1.9230769230769231,j60,j6025_8.sm
62,112,14,31,41,2.0,j60,j6025_9.sm
62,112,15,31,40,2.066666666666667,j60,j6026_1.sm
62,112,16,35,53,2.0,j60,j6026_10.sm
62,112,13,34,41,2.3076923076923075,j60,j6026_2.sm
62,112,13,29,35,2.0,j60,j6026_3.sm
62,112,15,32,43,2.1333333333333333,j60,j6026_4.sm
62,112,13,30,37,1.8461538461538463,j60,j6026_5.sm
62,112,13,29,36,2.076923076923077,j60,j6026_6.sm
62,112,13,28,36,1.9230769230769231,j60,j6026_7.sm
62,112,17,34,48,2.3529411764705883,j60,j6026_8.sm
62,112,15,34,46,1.9333333333333333,j60,j6026_9.sm
62,112,16,37,50,2.1875,j60,j6027_1.sm
62,112,12,28,31,2.0,j60,j6027_10.sm
62,112,17,38,52,2.0588235294117645,j60,j6027_2.sm
62,112,14,31,41,1.9285714285714286,j60,j6027_3.sm
62,112,12,30,31,2.3333333333333335,j60,j6027_4.sm
62,112,15,33,45,2.2666666666666666,j60,j6027_5.sm
62,112,12,28,30,2.0,j60,j6027_6.sm
62,112,14,32,38,1.9285714285714286,j60,j6027_7.sm
62,112,15,31,41,2.0,j60,j6027_8.sm
62,112,15,30,41,2.066666666666667,j60,j6027_9.sm
62,112,16,37,45,2.0625,j60,j6028_1.sm
62,112,13,28,36,2.1538461538461537,j60,j6028_10.sm
62,112,12,30,34,1.9166666666666667,j60,j6028_2.sm
62,112,17,36,51,2.1176470588235294,j60,j6028_3.sm
62,112,15,32,44,1.8666666666666667,j60,j6028_4.sm
62,112,13,26,32,2.0,j60,j6028_5.sm
62,112,16,33,44,1.9375,j60,j6028_6.sm
62,112,15,32,45,1.9333333333333333,j60,j6028_7.sm
62,112,13,30,37,1.8461538461538463,j60,j6028_8.sm
62,112,15,37,45,2.0,j60,j6028_9.sm
62,112,14,29,38,2.0714285714285716,j60,j6029_1.sm
62,112,12,33,32,1.9166666666666667,j60,j6029_10.sm
62,112,16,35,46,2.0625,j60,j6029_2.sm
62,112,15,32,44,1.8666666666666667,j60,j6029_3.sm
62,112,13,35,41,2.3076923076923075,j60,j6029_4.sm
62,112,14,27,37,2.142857142857143,j60,j6029_5.sm
62,112,13,29,35,2.230769230769231,j60,j6029_6.sm
62,112,15,34,42,2.1333333333333333,j60,j6029_7.sm
62,112,13,23,31,2.3076923076923075,j60,j6029_8.sm
62,112,13,31,35,2.0,j60,j6029_9.sm
62,93,12,22,27,1.8333333333333333,j60,j602_1.sm
62,93,11,21,23,2.1818181818181817,j60,j602_10.sm
62,93,15,29,38,2.2,j60,j602_2.sm
62,93,14,28,36,1.9285714285714286,j60,j602_3.sm
62,93,15,30,41,2.1333333333333333,j60,j602_4.sm
62,93,11,24,28,2.090909090909091,j60,j602_5.sm
62,93,12,23,29,2.0,j60,j602_6.sm
62,93,11,21,23,2.0,j60,j602_7.sm
62,93,12,21,26,2.0,j60,j602_8.sm
62,93,12,20,24,1.8333333333333333,j60,j602_9.sm
62,112,14,30,38,1.9285714285714286,j60,j6030_1.sm
62,112,13,31,37,2.0,j60,j6030_10.sm
62,112,14,35,42,2.142857142857143,j60,j6030_2.sm
62,112,14,36,41,1.8571428571428572,j60,j6030_3.sm
62,112,13,27,34,2.076923076923077,j60,j6030_4.sm
62,112,14,32,41,2.0,j60,j6030_5.sm
62,112,14,30,39,1.8571428571428572,j60,j6030_6.sm
62,112,13,30,34,2.3076923076923075,j60,j6030_7.sm
62,112,14,26,35,2.357142857142857,j60,j6030_8.sm
62,112,17,38,54,2.176470588235294,j60,j6030_9.sm
62,112,11,24,24,2.272727272727273,j60,j6031_1.sm
62,112,11,29,27,2.272727272727273,j60,j6031_10.sm
62,112,15,35,45,2.066666666666667,j60,j6031_2.sm
62,112,13,30,36,2.1538461538461537,j60,j6031_3.sm
62,112,14,33,42,2.0714285714285716,j60,j6031_4.sm
62,112,12,25,29,2.0833333333333335,j60,j6031_5.sm
62,112,12,30,32,2.1666666666666665,j60,j6031_6.sm
62,112,17,36,50,2.1176470588235294,j60,j6031_7.sm
62,112,16,35,48,2.1875,j60,j6031_8.sm
62,112,14,30,41,1.9285714285714286,j60,j6031_9.sm
62,112,13,30,36,1.8461538461538463,j60,j6032_1.sm
62,112,14,28,36,2.2142857142857144,j60,j6032_10.sm
62,112,16,36,44,2.0,j60,j6032_2.sm
62,112,14,32,40,2.2142857142857144,j60,j6032_3.sm
62,112,14,33,43,1.7857142857142858,j60,j6032_4.sm
62,112,16,36,45,2.0625,j60,j6032_5.sm
62,112,18,37,54,2.0555555555555554,j60,j6032_6.sm
62,112,15,33,40,2.2,j60,j6032_7.sm
62,112,14,25,36,1.8571428571428572,j60,j6032_8.sm
62,112,14,32,39,1.9285714285714286,j60,j6032_9.sm
62,131,14,36,43,2.0,j60,j6033_1.sm
62,131,15,41,50,2.066666666666667,j60,j6033_10.sm
62,131,16,35,51,2.0,j60,j6033_2.sm
62,131,15,40,48,1.9333333333333333,j60,j6033_3.sm
62,131,14,31,39,1.7857142857142858,j60,j6033_4.sm
62,131,16,40,49,2.3125,j60,j6033_5.sm
62,131,14,38,42,2.2142857142857144,j60,j6033_6.sm
62,131,13,29,38,1.8461538461538463,j60,j6033_7.sm
62,131,15,35,43,1.9333333333333333,j60,j6033_8.sm
62,131,15,33,48,1.8666666666666667,j60,j6033_9.sm
62,131,14,34,41,2.0714285714285716,j60,j6034_1.sm
62,131,15,39,50,1.9333333333333333,j60,j6034_10.sm
62,131,14,34,40,1.9285714285714286,j60,j6034_2.sm
62,131,14,39,43,1.8571428571428572,j60,j6034_3.sm
62,131,15,40,51,1.9333333333333333,j60,j6034_4.sm
62,131,15,36,46,2.2666666666666666,j60,j6034_5.sm
62,131,14,38,46,2.357142857142857,j60,j6034_6.sm
62,131,15,39,43,2.1333333333333333,j60,j6034_7.sm
62,131,14,37,45,2.0,j60,j6034_8.sm
62,131,15,35,43,1.9333333333333333,j60,j6034_9.sm
62,131,14,34,45,1.7857142857142858,j60,j6035_1.sm
62,131,16,41,56,2.25,j60,j6035_10.sm
62,131,16,35,46,2.125,j60,j6035_2.sm
62,131,16,40,51,2.0,j60,j6035_3.sm
62,131,16,35,47,1.9375,j60,j6035_4.sm
62,131,15,40,46,2.2,j60,j6035_5.sm
62,131,14,32,39,2.142857142857143,j60,j6035_6.sm
62,131,16,42,49,2.125,j60,j6035_7.sm
62,131,14,34,44,2.142857142857143,j60,j6035_8.sm
62,131,14,32,38,2.2857142857142856,j60,j6035_9.sm
62,131,13,30,35,2.1538461538461537,j60,j6036_1.sm
62,131,13,32,39,1.9230769230769231,j60,j6036_10.sm
62,131,14,39,45,2.0714285714285716,j60,j6036_2.sm
62,131,16,42,54,2.0625,j60,j6036_3.sm
62,131,16,34,44,2.375,j60,j6036_4.sm
62,131,14,35,42,1.9285714285714286,j60,j6036_5.sm
62,131,15,33,46,2.0,j60,j6036_6.sm
62,131,13,41,40,2.1538461538461537,j60,j6036_7.sm
62,131,14,35,43,2.0714285714285716,j60,j6036_8.sm
62,131,15,42,45,2.1333333333333333,j60,j6036_9.sm
62,131,13,27,36,1.9230769230769231,j60,j6037_1.sm
62,131,14,32,39,1.8571428571428572,j60,j6037_10.sm
62,131,15,39,44,2.066666666666667,j60,j6037_2.sm
62,131,14,35,40,2.0,j60,j6037_3.sm
62,131,15,41,48,1.9333333333333333,j60,j6037_4.sm
62,131,14,33,44,2.2142857142857144,j60,j6037_5.sm
62,131,12,28,31,2.25,j60,j6037_6.sm
62,131,14,37,44,2.2142857142857144,j60,j6037_7.sm
62,131,15,36,45,1.9333333333333333,j60,j6037_8.sm
62,131,16,39,53,1.9375,j60,j6037_9.sm
62,131,16,39,49,2.1875,j60,j6038_1.sm
62,131,15,40,52,2.1333333333333333,j60,j6038_10.sm
62,131,13,32,35,2.0,j60,j6038_2.sm
62,131,13,34,36,2.0,j60,j6038_3.sm
62,131,13,28,36,1.8461538461538463,j60,j6038_4.sm
62,131,18,45,65,2.111111111111111,j60,j6038_5.sm
62,131,14,39,46,1.8571428571428572,j60,j6038_6.sm
62,131,15,37,46,1.9333333333333333,j60,j6038_7.sm
62,131,12,33,31,2.3333333333333335,j60,j6038_8.sm
62,131,15,34,42,2.1333333333333333,j60,j6038_9.sm
62,131,16,43,55,1.9375,j60,j6039_1.sm
62,131,13,38,40,2.1538461538461537,j60,j6039_10.sm
62,131,13,38,40,2.0,j60,j6039_2.sm
62,131,14,33,45,2.142857142857143,j60,j6039_3.sm
62,131,16,40,54,1.9375,j60,j6039_4.sm
62,131,14,42,44,2.2142857142857144,j60,j6039_5.sm
62,131,16,42,53,2.5,j60,j6039_6.sm
62,131,14,35,45,1.9285714285714286,j60,j6039_7.sm
62,131,14,36,41,1.8571428571428572,j60,j6039_8.sm
62,131,14,34,39,1.9285714285714286,j60,j6039_9.sm
62,93,14,22,33,2.0,j60,j603_1.sm
62,93,13,22,31,1.8461538461538463,j60,j603_10.sm
62,93,13,24,31,1.8461538461538463,j60,j603_2.sm
62,93,16,27,34,2.3125,j60,j603_3.sm
62,93,15,26,35,2.3333333333333335,j60,j603_4.sm
62,93,15,27,35,2.0,j60,j603_5.sm
62,93,12,25,29,2.0,j60,j603_6.sm
62,93,12,19,26,1.8333333333333333,j60,j603_7.sm
62,93,11,23,25,1.8181818181818181,j60,j603_8.sm
62,93,12,21,25,2.1666666666666665,j60,j603_9.sm
62,131,14,32,41,2.0714285714285716,j60,j6040_1.sm
62,131,15,38,48,2.0,j60,j6040_10.sm
62,131,15,33,47,2.3333333333333335,j60,j6040_2.sm
62,131,14,34,40,2.2142857142857144,j60,j6040_3.sm
62,131,16,45,58,2.3125,j60,j6040_4.sm
62,131,15,39,47,1.9333333333333333,j60,j6040_5.sm
62,131,14,30,42,2.0714285714285716,j60,j6040_6.sm
62,131,15,38,49,2.0,j60,j6040_7.sm
62,131,15,39,47,2.0,j60,j6040_8.sm
62,131,16,41,52,2.5,j60,j6040_9.sm
62,131,15,38,51,1.9333333333333333,j60,j6041_1.sm
62,131,14,38,45,1.9285714285714286,j60,j6041_10.sm
62,131,16,36,46,2.3125,j60,j6041_2.sm
62,131,14,35,40,1.9285714285714286,j60,j6041_3.sm
62,131,16,40,50,2.375,j60,j6041_4.sm
62,131,13,34,38,1.9230769230769231,j60,j6041_5.sm
62,131,16,38,46,2.25,j60,j6041_6.sm
62,131,16,40,53,2.25,j60,j6041_7.sm
62,131,15,41,51,2.066666666666667,j60,j6041_8.sm
62,131,14,31,43,2.0714285714285716,j60,j6041_9.sm
62,131,15,38,45,2.066666666666667,j60,j6042_1.sm
62,131,14,34,40,1.8571428571428572,j60,j6042_10.sm
62,131,13,33,37,1.9230769230769231,j60,j6042_2.sm
62,131,13,33,35,2.4615384615384617,j60,j6042_3.sm
62,131,15,40,50,2.2,j60,j6042_4.sm
62,131,15,37,48,2.3333333333333335,j60,j6042_5.sm
62,131,16,43,57,2.125,j60,j6042_6.sm
62,131,13,30,37,2.076923076923077,j60,j6042_7.sm
62,131,15,39,46,1.8666666666666667,j60,j6042_8.sm
62,131,14,38,44,2.0,j60,j6042_9.sm
62,131,18,36,51,2.111111111111111,j60,j6043_1.sm
62,131,17,42,57,2.0,j60,j6043_10.sm
62,131,13,35,39,2.0,j60,j6043_2.sm
62,131,14,36,45,2.0714285714285716,j60,j6043_3.sm
62,131,13,30,36,1.9230769230769231,j60,j6043_4.sm
62,131,13,33,38,2.5384615384615383,j60,j6043_5.sm
62,131,14,39,44,2.0714285714285716,j60,j6043_6.sm
62,131,18,46,61,2.2222222222222223,j60,j6043_7.sm
62,131,14,28,40,1.9285714285714286,j60,j6043_8.sm
62,131,13,35,36,2.1538461538461537,j60,j6043_9.sm
62,131,16,41,54,1.9375,j60,j6044_1.sm
62,131,13,34,37,2.6923076923076925,j60,j6044_10.sm
62,131,13,31,36,2.3076923076923075,j60,j6044_2.sm
62,131,14,33,41,2.0714285714285716,j60,j6044_3.sm
62,131,14,37,43,2.0714285714285716,j60,j6044_4.sm
62,131,15,39,46,2.1333333333333333,j60,j6044_5.sm
62,131,15,37,47,1.9333333333333333,j60,j6044_6.sm
62,131,14,33,40,2.0714285714285716,j60,j6044_7.sm
62,131,15,36,48,1.9333333333333333,j60,j6044_8.sm
62,131,13,29,34,2.0,j60,j6044_9.sm
62,131,14,35,43,1.9285714285714286,j60,j6045_1.sm
62,131,13,35,37,2.0,j60,j6045_10.sm
62,131,14,42,42,2.4285714285714284,j60,j6045_2.sm
62,131,15,30,41,2.1333333333333333,j60,j6045_3.sm
62,131,13,34,37,2.1538461538461537,j60,j6045_4.sm
62,131,14,36,42,1.9285714285714286,j60,j6045_5.sm
62,131,13,35,41,2.0,j60,j6045_6.sm
62,131,15,41,50,2.2,j60,j6045_7.sm
62,131,15,35,44,2.1333333333333333,j60,j6045_8.sm
62,131,13,32,36,2.1538461538461537,j60,j6045_9.sm
62,131,15,39,50,2.2,j60,j6046_1.sm
62,131,17,42,58,2.0,j60,j6046_10.sm
62,131,14,41,46,2.0714285714285716,j60,j6046_2.sm
62,131,13,33,38,2.076923076923077,j60,j6046_3.sm
62,131,16,38,48,2.125,j60,j6046_4.sm
62,131,16,36,50,2.1875,j60,j6046_5.sm
62,131,17,40,53,2.3529411764705883,j60,j6046_6.sm
62,131,14,37,47,2.2857142857142856,j60,j6046_7.sm
62,131,15,32,45,2.0,j60,j6046_8.sm
62,131,13,31,38,2.076923076923077,j60,j6046_9.sm
62,131,14,33,42,2.0714285714285716,j60,j6047_1.sm
62,131,14,33,42,1.9285714285714286,j60,j6047_10.sm
62,131,15,37,45,2.2666666666666666,j60,j6047_2.sm
62,131,15,39,50,2.2666666666666666,j60,j6047_3.sm
62,131,17,39,54,2.0,j60,j6047_4.sm
62,131,15,40,47,2.1333333333333333,j60,j6047_5.sm
62,131,15,39,50,2.1333333333333333,j60,j6047_6.sm
62,131,13,33,35,2.1538461538461537,j60,j6047_7.sm
62,131,15,43,51,2.2,j60,j6047_8.sm
62,131,13,37,39,2.1538461538461537,j60,j6047_9.sm
62,131,13,30,35,1.8461538461538463,j60,j6048_1.sm
62,131,14,40,46,1.7857142857142858,j60,j6048_10.sm
62,131,16,41,53,2.25,j60,j6048_2.sm
62,131,14,29,39,2.0714285714285716,j60,j6048_3.sm
62,131,13,33,40,2.3076923076923075,j60,j6048_4.sm
62,131,16,39,50,2.0625,j60,j6048_5.sm
62,131,13,32,38,1.9230769230769231,j60,j6048_6.sm
62,131,14,35,38,2.2857142857142856,j60,j6048_7.sm
62,131,15,44,56,1.9333333333333333,j60,j6048_8.sm
62,131,16,37,54,1.9375,j60,j6048_9.sm
62,93,13,23,31,2.3076923076923075,j60,j604_1.sm
62,93,13,26,31,1.9230769230769231,j60,j604_10.sm
62,93,15,29,36,2.066666666666667,j60,j604_2.sm
62,93,11,21,27,1.8181818181818181,j60,j604_3.sm
62,93,14,25,33,2.2142857142857144,j60,j604_4.sm
62,93,13,28,32,2.0,j60,j604_5.sm
62,93,13,21,29,2.076923076923077,j60,j604_6.sm
62,93,12,26,30,2.0833333333333335,j60,j604_7.sm
62,93,14,24,31,2.0714285714285716,j60,j604_8.sm
62,93,13,24,31,2.1538461538461537,j60,j604_9.sm
62,93,12,23,27,1.9166666666666667,j60,j605_1.sm
62,93,13,26,33,1.8461538461538463,j60,j605_10.sm
62,93,16,28,39,2.125,j60,j605_2.sm
62,93,12,25,30,1.8333333333333333,j60,j605_3.sm
62,93,13,24,31,1.8461538461538463,j60,j605_4.sm
62,93,14,32,35,2.357142857142857,j60,j605_5.sm
62,93,12,22,28,1.8333333333333333,j60,j605_6.sm
62,93,13,29,33,2.076923076923077,j60,j605_7.sm
62,93,13,23,30,1.9230769230769231,j60,j605_8.sm
62,93,15,26,37,2.2,j60,j605_9.sm
62,93,11,22,24,2.0,j60,j606_1.sm
62,93,13,26,31,2.230769230769231,j60,j606_10.sm
62,93,13,28,34,1.8461538461538463,j60,j606_2.sm
62,93,14,26,34,2.0714285714285716,j60,j606_3.sm
62,93,13,22,31,1.7692307692307692,j60,j606_4.sm
62,93,14,28,33,2.2142857142857144,j60,j606_5.sm
62,93,13,24,32,2.3076923076923075,j60,j606_6.sm
62,93,12,22,28,1.6666666666666667,j60,j606_7.sm
62,93,12,21,27,1.9166666666666667,j60,j606_8.sm
62,93,13,26,31,2.0,j60,j606_9.sm
62,93,16,25,37,2.0625,j60,j607_1.sm
62,93,14,26,34,2.142857142857143,j60,j607_10.sm
62,93,15,28,38,2.1333333333333333,j60,j607_2.sm
62,93,13,23,33,1.9230769230769231,j60,j607_3.sm
62,93,13,24,31,2.1538461538461537,j60,j607_4.sm
62,93,16,32,40,2.1875,j60,j607_5.sm
62,93,15,25,36,1.9333333333333333,j60,j607_6.sm
62,93,15,23,34,2.2666666666666666,j60,j607_7.sm
62,93,14,30,36,1.8571428571428572,j60,j607_8.sm
62,93,13,26,32,2.076923076923077,j60,j607_9.sm
62,93,14,26,35,1.8571428571428572,j60,j608_1.sm
62,93,16,33,42,2.0,j60,j608_10.sm
62,93,12,21,26,1.8333333333333333,j60,j608_2.sm
62,93,14,25,33,2.0714285714285716,j60,j608_3.sm
62,93,14,27,37,2.0714285714285716,j60,j608_4.sm
62,93,16,28,38,1.9375,j60,j608_5.sm
62,93,13,26,34,1.9230769230769231,j60,j608_6.sm
62,93,12,26,30,1.8333333333333333,j60,j608_7.sm
62,93,13,22,30,1.9230769230769231,j60,j608_8.sm
62,93,13,22,31,1.7692307692307692,j60,j608_9.sm
62,93,10,19,20,2.4,j60,j609_1.sm
62,93,13,28,35,1.9230769230769231,j60,j609_10.sm
62,93,16,28,38,2.1875,j60,j609_2.sm
62,93,14,27,34,1.8571428571428572,j60,j609_3.sm
62,93,13,29,35,1.9230769230769231,j60,j609_4.sm
62,93,14,25,36,1.8571428571428572,j60,j609_5.sm
62,93,14,27,37,1.9285714285714286,j60,j609_6.sm
62,93,13,24,31,1.9230769230769231,j60,j609_7.sm
62,93,13,27,34,2.076923076923077,j60,j609_8.sm
62,93,15,24,35,2.066666666666667,j60,j609_9.sm
92,138,14,25,32,2.2857142857142856,j90,j9010_1.sm
92,138,16,32,39,2.25,j90,j9010_10.sm
92,138,18,41,50,2.2222222222222223,j90,j9010_2.sm
92,138,17,31,42,2.0588235294117645,j90,j9010_3.sm
92,138,16,31,42,2.375,j90,j9010_4.sm
92,138,17,31,41,2.411764705882353,j90,j9010_5.sm
92,138,19,35,52,2.4210526315789473,j90,j9010_6.sm
92,138,14,26,34,2.0,j90,j9010_7.sm
92,138,15,31,35,2.2666666666666666,j90,j9010_8.sm
92,138,16,35,43,2.3125,j90,j9010_9.sm
92,138,16,34,47,2.0,j90,j9011_1.sm
92,138,16,36,44,2.0,j90,j9011_10.sm
92,138,19,44,56,2.1578947368421053,j90,j9011_2.sm
92,138,14,31,38,2.2857142857142856,j90,j9011_3.sm
92,138,14,29,37,2.0714285714285716,j90,j9011_4.sm
92,138,17,35,47,2.1176470588235294,j90,j9011_5.sm
92,138,15,34,44,1.9333333333333333,j90,j9011_6.sm
92,138,18,42,52,2.2222222222222223,j90,j9011_7.sm
92,138,15,32,38,2.1333333333333333,j90,j9011_8.sm
92,138,14,31,37,2.142857142857143,j90,j9011_9.sm
92,138,16,36,47,2.3125,j90,j9012_1.sm
92,138,17,36,46,2.235294117647059,j90,j9012_10.sm
92,138,15,32,41,1.8666666666666667,j90,j9012_2.sm
92,138,16,37,47,2.1875,j90,j9012_3.sm
92,138,18,32,44,2.5555555555555554,j90,j9012_4.sm
92,138,15,31,41,2.066666666666667,j90,j9012_5.sm
92,138,16,33,46,2.0625,j90,j9012_6.sm
92,138,14,37,42,2.0714285714285716,j90,j9012_7.sm
92,138,15,31,39,1.9333333333333333,j90,j9012_8.sm
92,138,15,36,44,2.0,j90,j9012_9.sm
92,138,16,36,46,2.0,j90,j9013_1.sm
92,138,13,28,35,1.8461538461538463,j90,j9013_10.sm
92,138,15,34,40,2.066666666666667,j90,j9013_2.sm
92,138,16,31,42,2.375,j90,j9013_3.sm
92,138,15,32,39,2.3333333333333335,j90,j9013_4.sm
92,138,15,32,41,2.3333333333333335,j90,j9013_5.sm
92,138,16,38,45,2.0625,j90,j9013_6.sm
92,138,18,37,47,2.111111111111111,j90,j9013_7.sm
92,138,12,27,28,2.3333333333333335,j90,j9013_8.sm
92,138,17,38,47,2.176470588235294,j90,j9013_9.sm
92,138,14,33,38,1.8571428571428572,j90,j9014_1.sm
92,138,15,36,42,2.1333333333333333,j90,j9014_10.sm
92,138,16,31,41,2.25,j90,j9014_2.sm
92,138,15,34,47,1.8666666666666667,j90,j9014_3.sm
92,138,17,38,47,2.0588235294117645,j90,j9014_4.sm
92,138,14,30,35,2.0714285714285716,j90,j9014_5.sm
92,138,15,30,40,2.0,j90,j9014_6.sm
92,138,14,33,40,1.9285714285714286,j90,j9014_7.sm
92,138,14,28,40,1.9285714285714286,j90,j9014_8.sm
92,138,19,35,50,2.3684210526315788,j90,j9014_9.sm
92,138,15,37,42,2.2,j90,j9015_1.sm
92,138,16,35,46,2.3125,j90,j9015_10.sm
92,138,15,31,42,1.9333333333333333,j90,j9015_2.sm
92,138,16,36,44,2.0625,j90,j9015_3.sm
92,138,14,30,35,1.9285714285714286,j90,j9015_4.sm
92,138,17,39,47,2.176470588235294,j90,j9015_5.sm
92,138,16,31,40,2.0,j90,j9015_6.sm
92,138,14,34,40,2.0714285714285716,j90,j9015_7.sm
92,138,16,35,45,2.3125,j90,j9015_8.sm
92,138,16,34,47,2.0,j90,j9015_9.sm
92,138,15,32,42,1.9333333333333333,j90,j9016_1.sm
92,138,16,34,44,2.125,j90,j9016_10.sm
92,138,16,33,44,1.9375,j90,j9016_2.sm
92,138,16,36,43,2.1875,j90,j9016_3.sm
92,138,14,29,33,2.2857142857142856,j90,j9016_4.sm
92,138,16,38,44,2.125,j90,j9016_5.sm
92,138,13,30,34,2.0,j90,j9016_6.sm
92,138,16,42,54,2.25,j90,j9016_7.sm
92,138,16,34,43,2.375,j90,j9016_8.sm
92,138,15,38,42,2.2666666666666666,j90,j9016_9.sm
92,166,14,37,40,2.0714285714285716,j90,j9017_1.sm
92,166,18,48,61,2.3333333333333335,j90,j9017_10.sm
92,166,17,46,52,2.0,j90,j9017_2.sm
92,166,16,47,55,2.0,j90,j9017_3.sm
92,166,19,47,67,2.1578947368421053,j90,j9017_4.sm
92,166,19,46,63,2.210526315789474,j90,j9017_5.sm
92,166,16,41,49,2.0,j90,j9017_6.sm
92,166,15,39,49,2.066666666666667,j90,j9017_7.sm
92,166,19,48,65,2.210526315789474,j90,j9017_8.sm
92,166,16,47,56,2.1875,j90,j9017_9.sm
92,166,16,45,54,2.0625,j90,j9018_1.sm
92,166,18,53,64,2.3333333333333335,j90,j9018_10.sm
92,166,15,45,52,2.4,j90,j9018_2.sm
92,166,16,40,50,2.125,j90,j9018_3.sm
92,166,16,35,47,1.9375,j90,j9018_4.sm
92,166,18,45,62,2.0555555555555554,j90,j9018_5.sm
92,166,15,47,45,2.2,j90,j9018_6.sm
92,166,18,51,61,2.1666666666666665,j90,j9018_7.sm
92,166,17,45,57,2.0,j90,j9018_8.sm
92,166,18,47,60,2.111111111111111,j90,j9018_9.sm
92,166,18,41,55,1.9444444444444444,j90,j9019_1.sm
92,166,16,42,53,2.125,j90,j9019_10.sm
92,166,17,45,54,2.1176470588235294,j90,j9019_2.sm
92,166,16,41,49,2.3125,j90,j9019_3.sm
92,166,15,44,48,2.3333333333333335,j90,j9019_4.sm
92,166,16,47,57,2.1875,j90,j9019_5.sm
92,166,20,52,66,2.3,j90,j9019_6.sm
92,166,17,41,50,2.1176470588235294,j90,j9019_7.sm
92,166,15,40,50,2.2,j90,j9019_8.sm
92,166,20,49,66,2.05,j90,j9019_9.sm
92,138,12,28,29,2.0,j90,j901_1.sm
92,138,16,36,46,2.0,j90,j901_10.sm
92,138,19,40,51,2.473684210526316,j90,j901_2.sm
92,138,13,29,35,2.0,j90,j901_3.sm
92,138,14,33,41,2.2142857142857144,j90,j901_4.sm
92,138,16,36,46,2.0625,j90,j901_5.sm
92,138,14,29,38,2.2142857142857144,j90,j901_6.sm
92,138,14,33,35,2.142857142857143,j90,j901_7.sm
92,138,15,37,41,2.0,j90,j901_8.sm
92,138,14,32,39,2.142857142857143,j90,j901_9.sm
92,166,16,39,48,2.3125,j90,j9020_1.sm
92,166,18,43,56,2.0,j90,j9020_10.sm
92,166,16,45,53,2.1875,j90,j9020_2.sm
92,166,15,46,48,2.2,j90,j9020_3.sm
92,166,17,47,60,2.2941176470588234,j90,j9020_4.sm
92,166,16,42,54,2.125,j90,j9020_5.sm
92,166,14,43,44,2.2857142857142856,j90,j9020_6.sm
92,166,19,41,58,2.1578947368421053,j90,j9020_7.sm
92,166,15,41,46,2.466666666666667,j90,j9020_8.sm
92,166,18,43,56,2.111111111111111,j90,j9020_9.sm
92,166,17,45,60,2.1176470588235294,j90,j9021_1.sm
92,166,16,46,54,2.1875,j90,j9021_10.sm
92,166,16,42,52,2.0625,j90,j9021_2.sm
92,166,17,48,59,2.0,j90,j9021_3.sm
92,166,18,47,57,2.0555555555555554,j90,j9021_4.sm
92,166,16,45,54,2.125,j90,j9021_5.sm
92,166,16,47,51,2.3125,j90,j9021_6.sm
92,166,17,45,57,2.176470588235294,j90,j9021_7.sm
92,166,17,45,60,2.1176470588235294,j90,j9021_8.sm
92,166,16,41,51,2.125,j90,j9021_9.sm
92,166,21,50,72,2.142857142857143,j90,j9022_1.sm
92,166,15,44,48,2.533333333333333,j90,j9022_10.sm
92,166,16,49,57,2.1875,j90,j9022_2.sm
92,166,16,42,50,1.875,j90,j9022_3.sm
92,166,16,40,57,2.0,j90,j9022_4.sm
92,166,18,52,64,2.111111111111111,j90,j9022_5.sm
92,166,14,43,46,2.2857142857142856,j90,j9022_6.sm
92,166,17,48,54,2.176470588235294,j90,j9022_7.sm
92,166,18,39,54,2.2222222222222223,j90,j9022_8.sm
92,166,18,45,59,2.111111111111111,j90,j9022_9.sm
92,166,17,48,59,2.1176470588235294,j90,j9023_1.sm
92,166,16,46,56,2.1875,j90,j9023_10.sm
92,166,15,37,46,1.9333333333333333,j90,j9023_2.sm
92,166,20,47,68,2.5,j90,j9023_3.sm
92,166,15,40,48,2.2666666666666666,j90,j9023_4.sm
92,166,17,49,66,2.0,j90,j9023_5.sm
92,166,17,45,59,2.0,j90,j9023_6.sm
92,166,15,46,51,2.0,j90,j9023_7.sm
92,166,18,43,59,2.2777777777777777,j90,j9023_8.sm
92,166,19,46,62,2.1578947368421053,j90,j9023_9.sm
92,166,16,44,54,1.9375,j90,j9024_1.sm
92,166,18,49,67,2.2777777777777777,j90,j9024_10.sm
92,166,17,49,60,2.235294117647059,j90,j9024_2.sm
92,166,14,36,44,1.9285714285714286,j90,j9024_3.sm
92,166,17,47,60,2.2941176470588234,j90,j9024_4.sm
92,166,16,44,54,2.1875,j90,j9024_5.sm
92,166,15,37,42,2.3333333333333335,j90,j9024_6.sm
92,166,17,44,55,2.2941176470588234,j90,j9024_7.sm
92,166,15,40,47,2.2666666666666666,j90,j9024_8.sm
92,166,17,44,50,2.2941176470588234,j90,j9024_9.sm
92,166,16,39,48,2.25,j90,j9025_1.sm
92,166,18,47,60,2.2222222222222223,j90,j9025_10.sm
92,166,18,48,61,2.1666666666666665,j90,j9025_2.sm
92,166,16,45,55,2.25,j90,j9025_3.sm
92,166,16,43,50,2.125,j90,j9025_4.sm
92,166,15,41,48,1.9333333333333333,j90,j9025_5.sm
92,166,15,43,47,1.9333333333333333,j90,j9025_6.sm
92,166,14,41,44,2.2142857142857144,j90,j9025_7.sm
92,166,16,49,55,2.1875,j90,j9025_8.sm
92,166,15,42,51,2.2,j90,j9025_9.sm
92,166,16,38,47,2.0,j90,j9026_1.sm
92,166,16,36,49,2.0625,j90,j9026_10.sm
92,166,15,44,47,1.9333333333333333,j90,j9026_2.sm
92,166,15,41,44,2.2666666666666666,j90,j9026_3.sm
92,166,17,48,60,2.1176470588235294,j90,j9026_4.sm
92,166,15,36,44,2.066666666666667,j90,j9026_5.sm
92,166,17,39,49,2.3529411764705883,j90,j9026_6.sm
92,166,16,45,58,2.0625,j90,j9026_7.sm
92,166,16,42,51,2.0,j90,j9026_8.sm
92,166,16,44,49,1.875,j90,j9026_9.sm
92,166,18,49,63,2.0555555555555554,j90,j9027_1.sm
92,166,17,44,55,1.8823529411764706,j90,j9027_10.sm
92,166,16,42,53,2.0,j90,j9027_2.sm
92,166,19,52,68,1.9473684210526316,j90,j9027_3.sm
92,166,17,44,56,2.0,j90,j9027_4.sm
92,166,17,43,55,2.0,j90,j9027_5.sm
92,166,17,43,57,2.0,j90,j9027_6.sm
92,166,15,42,44,2.066666666666667,j90,j9027_7.sm
92,166,15,37,44,2.2,j90,j9027_8.sm
92,166,16,37,51,2.1875,j90,j9027_9.sm
92,166,15,39,45,1.8666666666666667,j90,j9028_1.sm
92,166,14,32,40,1.8571428571428572,j90,j9028_10.sm
92,166,16,42,50,2.0625,j90,j9028_2.sm
92,166,17,47,61,1.8823529411764706,j90,j9028_3.sm
92,166,15,40,48,2.4,j90,j9028_4.sm
92,166,16,42,49,2.125,j90,j9028_5.sm
92,166,17,49,60,2.1176470588235294,j90,j9028_6.sm
92,166,17,47,61,2.2941176470588234,j90,j9028_7.sm
92,166,21,53,74,2.1904761904761907,j90,j9028_8.sm
92,166,21,51,72,2.380952380952381,j90,j9028_9.sm
92,166,17,41,51,2.0,j90,j9029_1.sm
92,166,18,48,59,2.0555555555555554,j90,j9029_10.sm
92,166,15,40,47,2.3333333333333335,j90,j9029_2.sm
92,166,16,41,49,2.3125,j90,j9029_3.sm
92,166,18,48,62,1.8888888888888888,j90,j9029_4.sm
92,166,17,40,52,2.176470588235294,j90,j9029_5.sm
92,166,15,41,47,2.3333333333333335,j90,j9029_6.sm
92,166,17,48,56,2.0588235294117645,j90,j9029_7.sm
92,166,19,42,56,2.3157894736842106,j90,j9029_8.sm
92,166,14,38,40,2.5,j90,j9029_9.sm
92,138,16,36,45,2.25,j90,j902_1.sm
92,138,14,34,39,2.142857142857143,j90,j902_10.sm
92,138,20,42,52,2.15,j90,j902_2.sm
92,138,14,34,41,1.9285714285714286,j90,j902_3.sm
92,138,16,36,45,1.9375,j90,j902_4.sm
92,138,16,33,45,1.9375,j90,j902_5.sm
92,138,15,31,38,2.2,j90,j902_6.sm
92,138,15,32,43,2.1333333333333333,j90,j902_7.sm
92,138,14,30,36,2.2857142857142856,j90,j902_8.sm
92,138,14,31,37,2.0714285714285716,j90,j902_9.sm
92,166,16,39,54,2.0625,j90,j9030_1.sm
92,166,18,46,61,2.3333333333333335,j90,j9030_10.sm
92,166,15,38,48,1.9333333333333333,j90,j9030_2.sm
92,166,20,49,63,2.15,j90,j9030_3.sm
92,166,20,50,68,2.4,j90,j9030_4.sm
92,166,16,45,55,2.3125,j90,j9030_5.sm
92,166,16,41,50,2.25,j90,j9030_6.sm
92,166,15,41,47,2.1333333333333333,j90,j9030_7.sm
92,166,16,42,46,2.0,j90,j9030_8.sm
92,166,16,46,55,2.0,j90,j9030_9.sm
92,166,16,43,53,2.0625,j90,j9031_1.sm
92,166,16,42,51,2.0,j90,j9031_10.sm
92,166,14,40,44,2.0714285714285716,j90,j9031_2.sm
92,166,18,46,62,2.0,j90,j9031_3.sm
92,166,16,44,56,2.0,j90,j9031_4.sm
92,166,16,40,54,2.125,j90,j9031_5.sm
92,166,15,47,51,2.1333333333333333,j90,j9031_6.sm
92,166,16,40,49,2.125,j90,j9031_7.sm
92,166,15,42,48,2.0,j90,j9031_8.sm
92,166,16,45,52,2.25,j90,j9031_9.sm
92,166,15,41,46,2.0,j90,j9032_1.sm
92,166,17,48,56,2.176470588235294,j90,j9032_10.sm
92,166,15,43,50,2.0,j90,j9032_2.sm
92,166,16,38,50,2.125,j90,j9032_3.sm
92,166,18,49,62,2.0,j90,j9032_4.sm
92,166,16,44,50,2.25,j90,j9032_5.sm
92,166,18,47,57,2.111111111111111,j90,j9032_6.sm
92,166,17,48,62,2.2941176470588234,j90,j9032_7.sm
92,166,15,41,46,2.2666666666666666,j90,j9032_8.sm
92,166,17,37,52,2.235294117647059,j90,j9032_9.sm
92,194,16,46,54,2.1875,j90,j9033_1.sm
92,194,18,47,63,2.2777777777777777,j90,j9033_10.sm
92,194,19,46,63,2.3157894736842106,j90,j9033_2.sm
92,194,18,55,65,2.3333333333333335,j90,j9033_3.sm
92,194,17,52,61,2.176470588235294,j90,j9033_4.sm
92,194,18,55,71,2.4444444444444446,j90,j9033_5.sm
92,194,16,47,56,1.875,j90,j9033_6.sm
92,194,18,54,68,2.111111111111111,j90,j9033_7.sm
92,194,19,63,76,2.263157894736842,j90,j9033_8.sm
92,194,17,45,59,2.0588235294117645,j90,j9033_9.sm
92,194,15,47,53,1.9333333333333333,j90,j9034_1.sm
92,194,18,59,71,2.1666666666666665,j90,j9034_10.sm
92,194,20,53,78,2.4,j90,j9034_2.sm
92,194,16,50,53,2.1875,j90,j9034_3.sm
92,194,16,48,53,2.25,j90,j9034_4.sm
92,194,17,54,63,2.235294117647059,j90,j9034_5.sm
92,194,17,53,63,2.176470588235294,j90,j9034_6.sm
92,194,16,41,52,2.1875,j90,j9034_7.sm
92,194,15,46,51,2.066666666666667,j90,j9034_8.sm
92,194,18,52,64,2.0,j90,j9034_9.sm
92,194,17,60,67,2.1176470588235294,j90,j9035_1.sm
92,194,15,48,50,2.1333333333333333,j90,j9035_10.sm
92,194,18,56,67,2.111111111111111,j90,j9035_2.sm
92,194,18,56,67,2.2777777777777777,j90,j9035_3.sm
92,194,17,54,65,2.1176470588235294,j90,j9035_4.sm
92,194,16,52,53,2.25,j90,j9035_5.sm
92,194,16,44,52,2.0,j90,j9035_6.sm
92,194,17,53,62,1.9411764705882353,j90,j9035_7.sm
92,194,17,50,59,2.0,j90,j9035_8.sm
92,194,16,44,54,2.0,j90,j9035_9.sm
92,194,18,54,63,2.388888888888889,j90,j9036_1.sm
92,194,19,52,65,2.263157894736842,j90,j9036_10.sm
92,194,18,53,65,2.1666666666666665,j90,j9036_2.sm
92,194,18,59,69,2.0555555555555554,j90,j9036_3.sm
92,194,17,55,67,2.235294117647059,j90,j9036_4.sm
92,194,17,49,62,2.3529411764705883,j90,j9036_5.sm
92,194,18,64,71,2.1666666666666665,j90,j9036_6.sm
92,194,18,56,66,2.0,j90,j9036_7.sm
92,194,19,65,74,2.263157894736842,j90,j9036_8.sm
92,194,15,53,52,2.466666666666667,j90,j9036_9.sm
92,194,17,58,67,2.0588235294117645,j90,j9037_1.sm
92,194,16,47,53,2.1875,j90,j9037_10.sm
92,194,20,60,70,2.15,j90,j9037_2.sm
92,194,19,61,76,2.3684210526315788,j90,j9037_3.sm
92,194,17,53,60,2.3529411764705883,j90,j9037_4.sm
92,194,19,58,75,2.0526315789473686,j90,j9037_5.sm
92,194,18,48,67,1.9444444444444444,j90,j9037_6.sm
92,194,20,56,74,2.05,j90,j9037_7.sm
92,194,15,53,53,2.1333333333333333,j90,j9037_8.sm
92,194,18,54,65,2.111111111111111,j90,j9037_9.sm
92,194,18,54,66,2.0555555555555554,j90,j9038_1.sm
92,194,19,56,75,2.4210526315789473,j90,j9038_10.sm
92,194,16,51,56,2.375,j90,j9038_2.sm
92,194,17,54,62,2.2941176470588234,j90,j9038_3.sm
92,194,18,51,67,2.0,j90,j9038_4.sm
92,194,15,49,51,2.066666666666667,j90,j9038_5.sm
92,194,16,52,59,2.3125,j90,j9038_6.sm
92,194,18,55,71,2.0,j90,j9038_7.sm
92,194,16,49,56,2.0625,j90,j9038_8.sm
92,194,18,63,76,2.1666666666666665,j90,j9038_9.sm
92,194,19,57,72,2.210526315789474,j90,j9039_1.sm
92,194,18,51,62,2.0555555555555554,j90,j9039_10.sm
92,194,20,63,73,2.2,j90,j9039_2.sm
92,194,17,50,61,2.176470588235294,j90,j9039_3.sm
92,194,16,50,52,2.125,j90,j9039_4.sm
92,194,17,55,64,2.2941176470588234,j90,j9039_5.sm
92,194,17,47,55,2.235294117647059,j90,j9039_6.sm
92,194,14,45,44,2.142857142857143,j90,j9039_7.sm
92,194,15,47,49,2.1333333333333333,j90,j9039_8.sm
92,194,16,50,57,1.9375,j90,j9039_9.sm
92,138,18,36,53,2.0,j90,j903_1.sm
92,138,15,30,38,1.8,j90,j903_10.sm
92,138,15,34,41,2.066666666666667,j90,j903_2.sm
92,138,17,35,48,2.1176470588235294,j90,j903_3.sm
92,138,17,35,41,2.411764705882353,j90,j903_4.sm
92,138,14,32,39,1.8571428571428572,j90,j903_5.sm
92,138,15,34,39,2.2,j90,j903_6.sm
92,138,17,38,50,2.0588235294117645,j90,j903_7.sm
92,138,15,34,44,2.2666666666666666,j90,j903_8.sm
92,138,14,34,40,2.2142857142857144,j90,j903_9.sm
92,194,19,58,70,2.0526315789473686,j90,j9040_1.sm
92,194,16,47,58,2.0,j90,j9040_10.sm
92,194,17,48,58,2.0588235294117645,j90,j9040_2.sm
92,194,15,51,52,2.066666666666667,j90,j9040_3.sm
92,194,19,62,77,2.1578947368421053,j90,j9040_4.sm
92,194,18,56,67,2.0,j90,j9040_5.sm
92,194,17,48,64,1.9411764705882353,j90,j9040_6.sm
92,194,17,48,61,2.235294117647059,j90,j9040_7.sm
92,194,16,45,54,2.125,j90,j9040_8.sm
92,194,17,53,65,2.1176470588235294,j90,j9040_9.sm
92,194,18,58,70,2.2777777777777777,j90,j9041_1.sm
92,194,18,52,64,2.2222222222222223,j90,j9041_10.sm
92,194,19,58,71,1.9473684210526316,j90,j9041_2.sm
92,194,19,63,77,2.1578947368421053,j90,j9041_3.sm
92,194,16,60,64,2.6875,j90,j9041_4.sm
92,194,17,53,67,2.1176470588235294,j90,j9041_5.sm
92,194,16,50,57,2.0625,j90,j9041_6.sm
92,194,18,56,64,2.3333333333333335,j90,j9041_7.sm
92,194,17,54,62,2.1176470588235294,j90,j9041_8.sm
92,194,15,46,52,2.0,j90,j9041_9.sm
92,194,17,49,61,2.0,j90,j9042_1.sm
92,194,18,59,73,2.3333333333333335,j90,j9042_10.sm
92,194,17,53,64,2.2941176470588234,j90,j9042_2.sm
92,194,16,53,59,2.0,j90,j9042_3.sm
92,194,19,60,77,2.1052631578947367,j90,j9042_4.sm
92,194,21,51,70,2.619047619047619,j90,j9042_5.sm
92,194,18,60,75,2.388888888888889,j90,j9042_6.sm
92,194,16,54,64,2.375,j90,j9042_7.sm
92,194,18,58,67,2.111111111111111,j90,j9042_8.sm
92,194,16,41,55,2.1875,j90,j9042_9.sm
92,194,18,57,68,2.0,j90,j9043_1.sm
92,194,17,53,62,2.411764705882353,j90,j9043_10.sm
92,194,16,47,55,2.1875,j90,j9043_2.sm
92,194,19,58,79,2.4210526315789473,j90,j9043_3.sm
92,194,15,51,51,1.9333333333333333,j90,j9043_4.sm
92,194,18,53,66,2.0,j90,j9043_5.sm
92,194,20,65,80,2.5,j90,j9043_6.sm
92,194,15,48,49,2.3333333333333335,j90,j9043_7.sm
92,194,19,51,64,2.1578947368421053,j90,j9043_8.sm
92,194,17,47,58,2.0,j90,j9043_9.sm
92,194,18,51,62,1.9444444444444444,j90,j9044_1.sm
92,194,19,57,76,2.1052631578947367,j90,j9044_10.sm
92,194,20,58,76,2.15,j90,j9044_2.sm
92,194,21,55,76,2.238095238095238,j90,j9044_3.sm
92,194,17,53,64,2.3529411764705883,j90,j9044_4.sm
92,194,15,50,54,2.0,j90,j9044_5.sm
92,194,18,56,69,2.2777777777777777,j90,j9044_6.sm
92,194,17,55,63,2.0,j90,j9044_7.sm
92,194,18,58,69,2.1666666666666665,j90,j9044_8.sm
92,194,17,54,63,2.1176470588235294,j90,j9044_9.sm
92,194,18,53,65,2.1666666666666665,j90,j9045_1.sm
92,194,17,51,64,2.235294117647059,j90,j9045_10.sm
92,194,16,49,55,2.25,j90,j9045_2.sm
92,194,20,59,77,2.05,j90,j9045_3.sm
92,194,15,50,50,2.2,j90,j9045_4.sm
92,194,18,57,73,2.3333333333333335,j90,j9045_5.sm
92,194,17,56,63,2.1176470588235294,j90,j9045_6.sm
92,194,16,46,53,2.0625,j90,j9045_7.sm
92,194,17,50,64,2.0,j90,j9045_8.sm
92,194,17,58,63,2.3529411764705883,j90,j9045_9.sm
92,194,19,58,79,2.1052631578947367,j90,j9046_1.sm
92,194,19,53,67,2.3157894736842106,j90,j9046_10.sm
92,194,19,50,67,2.210526315789474,j90,j9046_2.sm
92,194,20,54,68,2.15,j90,j9046_3.sm
92,194,18,55,72,2.0555555555555554,j90,j9046_4.sm
92,194,16,54,63,2.25,j90,j9046_5.sm
92,194,16,43,51,2.0,j90,j9046_6.sm
92,194,18,51,63,2.0,j90,j9046_7.sm
92,194,16,51,54,2.25,j90,j9046_8.sm
92,194,15,54,52,2.2,j90,j9046_9.sm
92,194,15,46,49,2.2666666666666666,j90,j9047_1.sm
92,194,15,50,52,2.066666666666667,j90,j9047_10.sm
92,194,18,59,63,2.3333333333333335,j90,j9047_2.sm
92,194,18,57,65,2.0,j90,j9047_3.sm
92,194,15,53,54,2.533333333333333,j90,j9047_4.sm
92,194,17,54,60,2.0,j90,j9047_5.sm
92,194,17,57,61,2.4705882352941178,j90,j9047_6.sm
92,194,16,47,57,1.9375,j90,j9047_7.sm
92,194,18,54,69,2.3333333333333335,j90,j9047_8.sm
92,194,17,55,63,2.0588235294117645,j90,j9047_9.sm
92,194,17,44,54,2.176470588235294,j90,j9048_1.sm
92,194,16,48,52,2.1875,j90,j9048_10.sm
92,194,15,48,51,2.1333333333333333,j90,j9048_2.sm
92,194,17,44,56,2.0,j90,j9048_3.sm
92,194,17,58,63,2.4705882352941178,j90,j9048_4.sm
92,194,17,49,61,2.235294117647059,j90,j9048_5.sm
92,194,20,55,79,2.15,j90,j9048_6.sm
92,194,19,54,66,2.473684210526316,j90,j9048_7.sm
92,194,16,54,56,2.0625,j90,j9048_8.sm
92,194,17,55,61,2.0588235294117645,j90,j9048_9.sm
92,138,18,35,51,2.2222222222222223,j90,j904_1.sm
92,138,16,35,44,2.0,j90,j904_10.sm
92,138,15,38,42,2.3333333333333335,j90,j904_2.sm
92,138,15,36,44,2.4,j90,j904_3.sm
92,138,16,36,46,2.0625,j90,j904_4.sm
92,138,15,37,47,2.2,j90,j904_5.sm
92,138,14,33,38,2.0,j90,j904_6.sm
92,138,15,33,42,1.9333333333333333,j90,j904_7.sm
92,138,14,32,39,2.0714285714285716,j90,j904_8.sm
92,138,14,33,37,2.0,j90,j904_9.sm
92,138,16,31,41,2.1875,j90,j905_1.sm
92,138,14,32,37,2.2857142857142856,j90,j905_10.sm
92,138,16,31,41,2.375,j90,j905_2.sm
92,138,13,27,31,2.076923076923077,j90,j905_3.sm
92,138,16,34,43,2.3125,j90,j905_4.sm
92,138,17,36,53,2.0588235294117645,j90,j905_5.sm
92,138,16,32,46,2.625,j90,j905_6.sm
92,138,14,34,38,2.142857142857143,j90,j905_7.sm
92,138,16,32,43,2.125,j90,j905_8.sm
92,138,17,33,47,2.0588235294117645,j90,j905_9.sm
92,138,17,39,51,2.176470588235294,j90,j906_1.sm
92,138,16,32,41,2.1875,j90,j906_10.sm
92,138,18,33,48,2.0,j90,j906_2.sm
92,138,16,36,42,2.0625,j90,j906_3.sm
92,138,14,31,38,2.0714285714285716,j90,j906_4.sm
92,138,15,37,47,2.3333333333333335,j90,j906_5.sm
92,138,17,32,44,2.2941176470588234,j90,j906_6.sm
92,138,14,34,39,2.2857142857142856,j90,j906_7.sm
92,138,13,27,33,2.3076923076923075,j90,j906_8.sm
92,138,14,33,36,2.357142857142857,j90,j906_9.sm
92,138,17,35,46,2.0588235294117645,j90,j907_1.sm
92,138,17,32,44,2.235294117647059,j90,j907_10.sm
92,138,16,34,45,2.0,j90,j907_2.sm
92,138,15,37,42,2.066666666666667,j90,j907_3.sm
92,138,17,40,48,2.0588235294117645,j90,j907_4.sm
92,138,15,33,42,2.066666666666667,j90,j907_5.sm
92,138,14,32,39,1.9285714285714286,j90,j907_6.sm
92,138,16,33,42,2.0,j90,j907_7.sm
92,138,13,30,33,2.076923076923077,j90,j907_8.sm
92,138,16,34,45,2.125,j90,j907_9.sm
92,138,17,36,51,2.1176470588235294,j90,j908_1.sm
92,138,16,32,42,2.1875,j90,j908_10.sm
92,138,17,37,47,2.2941176470588234,j90,j908_2.sm
92,138,16,34,47,1.9375,j90,j908_3.sm
92,138,15,34,40,2.066666666666667,j90,j908_4.sm
92,138,14,33,38,2.357142857142857,j90,j908_5.sm
92,138,14,31,38,2.0714285714285716,j90,j908_6.sm
92,138,16,33,44,2.1875,j90,j908_7.sm
92,138,14,28,36,1.9285714285714286,j90,j908_8.sm
92,138,17,37,46,2.176470588235294,j90,j908_9.sm
92,138,17,38,53,2.2941176470588234,j90,j909_1.sm
92,138,15,33,40,2.1333333333333333,j90,j909_10.sm
92,138,17,36,48,2.0,j90,j909_2.sm
92,138,14,35,41,2.142857142857143,j90,j909_3.sm
92,138,15,37,43,2.466666666666667,j90,j909_4.sm
92,138,14,34,41,2.142857142857143,j90,j909_5.sm
92,138,17,38,47,2.176470588235294,j90,j909_6.sm
92,138,15,35,44,2.1333333333333333,j90,j909_7.sm
92,138,14,32,39,2.357142857142857,j90,j909_8.sm
92,138,15,31,39,2.1333333333333333,j90,j909_9.sm
122,183,18,45,59,2.0555555555555554,j120,j12010_1.sm
122,183,15,38,41,2.2666666666666666,j120,j12010_10.sm
122,183,16,45,49,2.1875,j120,j12010_2.sm
122,183,16,42,50,2.125,j120,j12010_3.sm
122,183,17,43,50,2.411764705882353,j120,j12010_4.sm
122,183,19,44,59,2.210526315789474,j120,j12010_5.sm
122,183,17,48,58,2.176470588235294,j120,j12010_6.sm
122,183,14,40,44,2.0714285714285716,j120,j12010_7.sm
122,183,20,49,65,2.05,j120,j12010_8.sm
122,183,15,37,45,2.066666666666667,j120,j12010_9.sm
122,183,16,41,50,2.25,j120,j12011_1.sm
122,183,16,38,51,1.875,j120,j12011_10.sm
122,183,16,38,52,2.125,j120,j12011_2.sm
122,183,16,39,50,2.0,j120,j12011_3.sm
122,183,17,45,53,2.176470588235294,j120,j12011_4.sm
122,183,19,44,55,2.263157894736842,j120,j12011_5.sm
122,183,16,45,51,2.125,j120,j12011_6.sm
122,183,16,39,46,2.1875,j120,j12011_7.sm
122,183,18,46,61,1.9444444444444444,j120,j12011_8.sm
122,183,16,45,51,2.0625,j120,j12011_9.sm
122,183,16,44,50,2.5625,j120,j12012_1.sm
122,183,17,43,50,2.0,j120,j12012_10.sm
122,183,17,39,46,2.0588235294117645,j120,j12012_2.sm
122,183,17,41,52,2.0,j120,j12012_3.sm
122,183,20,44,57,2.45,j120,j12012_4.sm
122,183,16,41,51,2.125,j120,j12012_5.sm
122,183,16,42,54,2.0625,j120,j12012_6.sm
122,183,16,39,50,1.875,j120,j12012_7.sm
122,183,15,34,41,2.0,j120,j12012_8.sm
122,183,14,37,43,2.2857142857142856,j120,j12012_9.sm
122,183,20,46,65,2.1,j120,j12013_1.sm
122,183,15,42,46,2.066666666666667,j120,j12013_10.sm
122,183,17,39,50,2.235294117647059,j120,j12013_2.sm
122,183,17,37,51,2.1176470588235294,j120,j12013_3.sm
122,183,16,46,53,2.1875,j120,j12013_4.sm
122,183,15,34,42,2.066666666666667,j120,j12013_5.sm
122,183,16,40,49,2.125,j120,j12013_6.sm
122,183,17,41,54,2.176470588235294,j120,j12013_7.sm
122,183,16,40,48,2.3125,j120,j12013_8.sm
122,183,16,38,46,2.125,j120,j12013_9.sm
122,183,14,36,40,1.8571428571428572,j120,j12014_1.sm
122,183,16,45,50,2.1875,j120,j12014_10.sm
122,183,18,43,56,2.2777777777777777,j120,j12014_2.sm
122,183,18,38,51,2.2222222222222223,j120,j12014_3.sm
122,183,17,38,51,1.9411764705882353,j120,j12014_4.sm
122,183,18,46,52,2.2222222222222223,j120,j12014_5.sm
122,183,18,48,59,2.388888888888889,j120,j12014_6.sm
122,183,16,35,46,2.0625,j120,j12014_7.sm
122,183,16,46,49,2.4375,j120,j12014_8.sm
122,183,19,49,59,2.3157894736842106,j120,j12014_9.sm
122,183,14,38,41,1.9285714285714286,j120,j12015_1.sm
122,183,17,45,54,2.0,j120,j12015_10.sm
122,183,16,43,51,2.25,j120,j12015_2.sm
122,183,18,43,54,2.2222222222222223,j120,j12015_3.sm
122,183,16,36,44,2.3125,j120,j12015_4.sm
122,183,16,36,46,2.1875,j120,j12015_5.sm
122,183,18,38,52,2.5555555555555554,j120,j12015_6.sm
122,183,16,39,48,2.1875,j120,j12015_7.sm
122,183,20,40,56,2.45,j120,j12015_8.sm
122,183,19,48,61,2.1052631578947367,j120,j12015_9.sm
122,183,17,38,45,2.0,j120,j12016_1.sm
122,183,17,42,49,2.3529411764705883,j120,j12016_10.sm
122,183,15,39,41,2.4,j120,j12016_2.sm
122,183,16,43,48,2.3125,j120,j12016_3.sm
122,183,17,47,58,2.0588235294117645,j120,j12016_4.sm
122,183,20,41,61,2.15,j120,j12016_5.sm
122,183,15,39,46,2.2,j120,j12016_6.sm
122,183,16,34,44,2.1875,j120,j12016_7.sm
122,183,15,37,46,1.8666666666666667,j120,j12016_8.sm
122,183,17,39,51,2.0,j120,j12016_9.sm
122,183,15,36,39,2.2,j120,j12017_1.sm
122,183,15,35,44,2.0,j120,j12017_10.sm
122,183,18,40,56,2.2777777777777777,j120,j12017_2.sm
122,183,16,38,50,2.125,j120,j12017_3.sm
122,183,18,42,52,2.2777777777777777,j120,j12017_4.sm
122,183,18,46,60,2.2777777777777777,j120,j12017_5.sm
122,183,15,42,45,2.2666666666666666,j120,j12017_6.sm
122,183,17,45,55,2.2941176470588234,j120,j12017_7.sm
122,183,15,38,47,2.1333333333333333,j120,j12017_8.sm
122,183,16,38,46,2.375,j120,j12017_9.sm
122,183,17,46,55,2.411764705882353,j120,j12018_1.sm
122,183,17,45,56,2.1176470588235294,j120,j12018_10.sm
122,183,19,47,61,2.1052631578947367,j120,j12018_2.sm
122,183,15,43,46,2.4,j120,j12018_3.sm
122,183,17,46,57,2.0588235294117645,j120,j12018_4.sm
122,183,19,44,56,2.0,j120,j12018_5.sm
122,183,21,51,65,2.380952380952381,j120,j12018_6.sm
122,183,17,43,51,2.2941176470588234,j120,j12018_7.sm
122,183,17,45,52,2.1176470588235294,j120,j12018_8.sm
122,183,17,42,52,2.0588235294117645,j120,j12018_9.sm
122,183,17,39,50,2.235294117647059,j120,j12019_1.sm
122,183,16,40,49,2.375,j120,j12019_10.sm
122,183,15,38,47,2.2666666666666666,j120,j12019_2.sm
122,183,16,38,44,2.375,j120,j12019_3.sm
122,183,16,45,52,2.25,j120,j12019_4.sm
122,183,16,38,49,2.1875,j120,j12019_5.sm
122,183,17,39,51,2.3529411764705883,j120,j12019_6.sm
122,183,19,42,56,2.0526315789473686,j120,j12019_7.sm
122,183,16,38,50,2.0,j120,j12019_8.sm
122,183,16,42,47,1.875,j120,j12019_9.sm
122,183,20,46,62,2.15,j120,j1201_1.sm
122,183,18,46,56,2.2222222222222223,j120,j1201_10.sm
122,183,18,47,55,2.388888888888889,j120,j1201_2.sm
122,183,16,40,54,2.1875,j120,j1201_3.sm
122,183,17,47,57,2.0588235294117645,j120,j1201_4.sm
122,183,16,45,48,2.5625,j120,j1201_5.sm
122,183,16,42,45,2.0625,j120,j1201_6.sm
122,183,18,44,55,2.3333333333333335,j120,j1201_7.sm
122,183,20,46,62,2.3,j120,j1201_8.sm
122,183,17,42,57,2.1176470588235294,j120,j1201_9.sm
122,183,17,39,49,2.1176470588235294,j120,j12020_1.sm
122,183,16,39,47,2.125,j120,j12020_10.sm
122,183,18,44,56,2.1666666666666665,j120,j12020_2.sm
122,183,15,40,46,2.0,j120,j12020_3.sm
122,183,17,42,48,2.176470588235294,j120,j12020_4.sm
122,183,15,32,40,2.2666666666666666,j120,j12020_5.sm
122,183,16,40,49,2.25,j120,j12020_6.sm
122,183,15,34,43,2.2666666666666666,j120,j12020_7.sm
122,183,19,45,62,2.0,j120,j12020_8.sm
122,183,16,35,46,2.0,j120,j12020_9.sm
122,220,17,53,65,2.5294117647058822,j120,j12021_1.sm
122,220,17,48,57,2.0588235294117645,j120,j12021_10.sm
122,220,17,53,57,2.0588235294117645,j120,j12021_2.sm
122,220,18,58,69,1.9444444444444444,j120,j12021_3.sm
122,220,18,53,63,2.3333333333333335,j120,j12021_4.sm
122,220,17,53,61,1.8823529411764706,j120,j12021_5.sm
122,220,17,56,65,2.176470588235294,j120,j12021_6.sm
122,220,18,56,70,2.2777777777777777,j120,j12021_7.sm
122,220,20,58,73,2.25,j120,j12021_8.sm
122,220,17,57,64,1.9411764705882353,j120,j12021_9.sm
122,220,18,57,64,2.111111111111111,j120,j12022_1.sm
122,220,16,49,55,2.3125,j120,j12022_10.sm
122,220,19,52,68,2.0,j120,j12022_2.sm
122,220,16,51,51,2.3125,j120,j12022_3.sm
122,220,16,52,55,2.25,j120,j12022_4.sm
122,220,17,55,61,2.1176470588235294,j120,j12022_5.sm
122,220,18,54,62,2.111111111111111,j120,j12022_6.sm
122,220,24,72,91,2.4583333333333335,j120,j12022_7.sm
122,220,18,49,63,2.0,j120,j12022_8.sm
122,220,16,54,58,2.0625,j120,j12022_9.sm
122,220,17,51,58,2.4705882352941178,j120,j12023_1.sm
122,220,17,52,57,2.176470588235294,j120,j12023_10.sm
122,220,18,58,67,2.2222222222222223,j120,j12023_2.sm
122,220,17,55,61,2.2941176470588234,j120,j12023_3.sm
122,220,17,57,59,1.9411764705882353,j120,j12023_4.sm
122,220,19,59,71,2.210526315789474,j120,j12023_5.sm
122,220,19,55,72,2.1052631578947367,j120,j12023_6.sm
122,220,19,56,62,2.3684210526315788,j120,j12023_7.sm
122,220,17,49,60,2.411764705882353,j120,j12023_8.sm
122,220,18,54,68,2.2222222222222223,j120,j12023_9.sm
122,220,21,51,68,2.5714285714285716,j120,j12024_1.sm
122,220,18,60,72,1.9444444444444444,j120,j12024_10.sm
122,220,20,60,79,2.2,j120,j12024_2.sm
122,220,16,49,54,2.0625,j120,j12024_3.sm
122,220,17,54,62,2.176470588235294,j120,j12024_4.sm
122,220,18,58,66,2.111111111111111,j120,j12024_5.sm
122,220,17,56,60,2.235294117647059,j120,j12024_6.sm
122,220,18,58,69,2.0555555555555554,j120,j12024_7.sm
122,220,20,63,70,2.05,j120,j12024_8.sm
122,220,19,59,75,2.1052631578947367,j120,j12024_9.sm
122,220,18,55,59,2.3333333333333335,j120,j12025_1.sm
122,220,17,50,61,2.1176470588235294,j120,j12025_10.sm
122,220,19,59,66,2.4210526315789473,j120,j12025_2.sm
122,220,19,60,69,2.1578947368421053,j120,j12025_3.sm
122,220,20,55,72,2.25,j120,j12025_4.sm
122,220,19,53,58,2.4210526315789473,j120,j12025_5.sm
122,220,18,56,66,2.0,j120,j12025_6.sm
122,220,16,59,55,2.3125,j120,j12025_7.sm
122,220,16,52,59,2.0625,j120,j12025_8.sm
122,220,18,58,69,2.0555555555555554,j120,j12025_9.sm
122,220,17,53,62,2.235294117647059,j120,j12026_1.sm
122,220,20,52,66,2.4,j120,j12026_10.sm
122,220,18,62,66,2.388888888888889,j120,j12026_2.sm
122,220,18,54,65,2.111111111111111,j120,j12026_3.sm
122,220,20,57,72,2.2,j120,j12026_4.sm
122,220,18,62,69,2.388888888888889,j120,j12026_5.sm
122,220,20,61,69,2.35,j120,j12026_6.sm
122,220,17,51,55,2.176470588235294,j120,j12026_7.sm
122,220,19,58,75,2.210526315789474,j120,j12026_8.sm
122,220,20,51,65,2.25,j120,j12026_9.sm
122,220,17,47,57,2.0,j120,j12027_1.sm
122,220,17,53,60,2.235294117647059,j120,j12027_10.sm
122,220,18,58,68,2.0555555555555554,j120,j12027_2.sm
122,220,21,64,83,2.142857142857143,j120,j12027_3.sm
122,220,17,48,60,2.4705882352941178,j120,j12027_4.sm
122,220,22,60,74,2.3636363636363638,j120,j12027_5.sm
122,220,18,55,65,2.0555555555555554,j120,j12027_6.sm
122,220,19,52,66,2.1578947368421053,j120,j12027_7.sm
122,220,18,58,67,2.2777777777777777,j120,j12027_8.sm
122,220,18,50,59,2.1666666666666665,j120,j12027_9.sm
122,220,19,49,62,2.1578947368421053,j120,j12028_1.sm
122,220,21,65,82,1.9523809523809523,j120,j12028_10.sm
122,220,18,54,65,2.6666666666666665,j120,j12028_2.sm
122,220,19,54,70,2.263157894736842,j120,j12028_3.sm
122,220,16,52,57,2.125,j120,j12028_4.sm
122,220,20,57,73,2.05,j120,j12028_5.sm
122,220,19,53,64,2.4210526315789473,j120,j12028_6.sm
122,220,19,54,66,2.263157894736842,j120,j12028_7.sm
122,220,17,48,57,2.0588235294117645,j120,j12028_8.sm
122,220,18,46,59,2.2222222222222223,j120,j12028_9.sm
122,220,20,54,68,2.5,j120,j12029_1.sm
122,220,19,60,73,2.4210526315789473,j120,j12029_10.sm
122,220,17,48,58,2.0,j120,j12029_2.sm
122,220,17,55,66,2.0588235294117645,j120,j12029_3.sm
122,220,16,50,57,1.8125,j120,j12029_4.sm
122,220,17,59,62,2.1176470588235294,j120,j12029_5.sm
122,220,16,48,56,2.0625,j120,j12029_6.sm
122,220,20,60,75,2.5,j120,j12029_7.sm
122,220,19,55,68,2.210526315789474,j120,j12029_8.sm
122,220,19,64,79,2.3157894736842106,j120,j12029_9.sm
122,183,14,36,39,1.8571428571428572,j120,j1202_1.sm
122,183,15,38,44,2.0,j120,j1202_10.sm
122,183,15,37,45,1.9333333333333333,j120,j1202_2.sm
122,183,15,37,46,2.2,j120,j1202_3.sm
122,183,18,47,59,1.9444444444444444,j120,j1202_4.sm
122,183,16,34,43,1.9375,j120,j1202_5.sm
122,183,16,43,52,2.3125,j120,j1202_6.sm
122,183,17,37,50,2.176470588235294,j120,j1202_7.sm
122,183,16,38,43,1.9375,j120,j1202_8.sm
122,183,17,46,52,2.0588235294117645,j120,j1202_9.sm
122,220,19,56,62,2.1578947368421053,j120,j12030_1.sm
122,220,18,52,62,2.0,j120,j12030_10.sm
122,220,18,50,65,2.0,j120,j12030_2.sm
122,220,19,58,70,2.4210526315789473,j120,j12030_3.sm
122,220,15,49,50,2.533333333333333,j120,j12030_4.sm
122,220,17,55,63,2.2941176470588234,j120,j12030_5.sm
122,220,17,56,57,2.176470588235294,j120,j12030_6.sm
122,220,21,63,84,2.0476190476190474,j120,j12030_7.sm
122,220,16,48,55,2.3125,j120,j12030_8.sm
122,220,17,51,56,2.411764705882353,j120,j12030_9.sm
122,220,17,56,63,2.0,j120,j12031_1.sm
122,220,17,56,63,2.0588235294117645,j120,j12031_10.sm
122,220,18,56,67,1.9444444444444444,j120,j12031_2.sm
122,220,18,49,64,2.1666666666666665,j120,j12031_3.sm
122,220,20,65,77,2.1,j120,j12031_4.sm
122,220,18,53,62,2.1666666666666665,j120,j12031_5.sm
122,220,20,49,62,2.6,j120,j12031_6.sm
122,220,19,55,68,2.3157894736842106,j120,j12031_7.sm
122,220,15,43,48,2.0,j120,j12031_8.sm
122,220,17,50,61,1.8823529411764706,j120,j12031_9.sm
122,220,20,59,71,2.15,j120,j12032_1.sm
122,220,18,56,66,2.111111111111111,j120,j12032_10.sm
122,220,19,59,68,2.210526315789474,j120,j12032_2.sm
122,220,19,62,70,2.263157894736842,j120,j12032_3.sm
122,220,18,52,58,2.4444444444444446,j120,j12032_4.sm
122,220,17,54,58,2.2941176470588234,j120,j12032_5.sm
122,220,20,58,73,2.15,j120,j12032_6.sm
122,220,18,50,61,2.1666666666666665,j120,j12032_7.sm
122,220,17,50,56,1.9411764705882353,j120,j12032_8.sm
122,220,17,54,60,2.3529411764705883,j120,j12032_9.sm
122,220,19,57,78,2.0526315789473686,j120,j12033_1.sm
122,220,17,52,61,2.235294117647059,j120,j12033_10.sm
122,220,18,55,69,2.0555555555555554,j120,j12033_2.sm
122,220,18,53,66,2.0,j120,j12033_3.sm
122,220,19,58,72,2.4210526315789473,j120,j12033_4.sm
122,220,20,62,73,2.2,j120,j12033_5.sm
122,220,21,66,90,2.0952380952380953,j120,j12033_6.sm
122,220,16,50,55,2.1875,j120,j12033_7.sm
122,220,16,54,58,2.1875,j120,j12033_8.sm
122,220,18,60,69,2.3333333333333335,j120,j12033_9.sm
122,220,16,44,47,2.375,j120,j12034_1.sm
122,220,18,58,65,2.2222222222222223,j120,j12034_10.sm
122,220,18,51,62,2.1666666666666665,j120,j12034_2.sm
122,220,17,49,59,2.176470588235294,j120,j12034_3.sm
122,220,19,58,67,2.1052631578947367,j120,j12034_4.sm
122,220,18,59,64,2.2222222222222223,j120,j12034_5.sm
122,220,18,57,63,2.1666666666666665,j120,j12034_6.sm
122,220,19,61,74,2.473684210526316,j120,j12034_7.sm
122,220,17,52,56,2.5294117647058822,j120,j12034_8.sm
122,220,16,52,55,2.0,j120,j12034_9.sm
122,220,15,47,50,2.4,j120,j12035_1.sm
122,220,18,55,68,2.2222222222222223,j120,j12035_10.sm
122,220,20,57,72,2.15,j120,j12035_2.sm
122,220,15,44,51,2.2,j120,j12035_3.sm
122,220,20,59,74,2.35,j120,j12035_4.sm
122,220,18,57,66,2.2777777777777777,j120,j12035_5.sm
122,220,19,59,74,2.1578947368421053,j120,j12035_6.sm
122,220,22,62,82,2.1363636363636362,j120,j12035_7.sm
122,220,18,55,61,1.8888888888888888,j120,j12035_8.sm
122,220,18,53,60,2.2777777777777777,j120,j12035_9.sm
122,220,19,60,66,2.210526315789474,j120,j12036_1.sm
122,220,18,55,68,2.1666666666666665,j120,j12036_10.sm
122,220,20,58,77,2.1,j120,j12036_2.sm
122,220,17,48,59,1.9411764705882353,j120,j12036_3.sm
122,220,20,60,76,2.25,j120,j12036_4.sm
122,220,19,59,71,2.1052631578947367,j120,j12036_5.sm
122,220,20,58,74,2.05,j120,j12036_6.sm
122,220,20,61,75,2.4,j120,j12036_7.sm
122,220,18,45,60,2.1666666666666665,j120,j12036_8.sm
122,220,19,53,70,2.1052631578947367,j120,j12036_9.sm
122,220,18,48,53,2.4444444444444446,j120,j12037_1.sm
122,220,16,49,57,2.1875,j120,j12037_10.sm
122,220,16,52,56,2.125,j120,j12037_2.sm
122,220,19,60,76,2.263157894736842,j120,j12037_3.sm
122,220,18,51,67,2.0555555555555554,j120,j12037_4.sm
122,220,17,55,60,2.235294117647059,j120,j12037_5.sm
122,220,19,62,75,2.3157894736842106,j120,j12037_6.sm
122,220,19,52,62,2.3157894736842106,j120,j12037_7.sm
122,220,20,54,66,2.1,j120,j12037_8.sm
122,220,16,45,49,2.25,j120,j12037_9.sm
122,220,18,51,65,2.1666666666666665,j120,j12038_1.sm
122,220,18,57,64,2.3333333333333335,j120,j12038_10.sm
122,220,19,62,81,2.0526315789473686,j120,j12038_2.sm
122,220,19,61,70,2.3157894736842106,j120,j12038_3.sm
122,220,19,62,72,2.3157894736842106,j120,j12038_4.sm
122,220,16,55,59,2.0625,j120,j12038_5.sm
122,220,17,50,55,2.411764705882353,j120,j12038_6.sm
122,220,17,48,58,2.0588235294117645,j120,j12038_7.sm
122,220,18,55,64,1.9444444444444444,j120,j12038_8.sm
122,220,21,56,79,2.3333333333333335,j120,j12038_9.sm
122,220,19,58,76,2.0,j120,j12039_1.sm
122,220,18,60,69,2.2222222222222223,j120,j12039_10.sm
122,220,21,62,89,2.238095238095238,j120,j12039_2.sm
122,220,20,63,81,2.3,j120,j12039_3.sm
122,220,15,46,45,1.8666666666666667,j120,j12039_4.sm
122,220,20,59,71,2.05,j120,j12039_5.sm
122,220,17,53,62,2.2941176470588234,j120,j12039_6.sm
122,220,20,59,75,2.3,j120,j12039_7.sm
122,220,17,58,65,1.9411764705882353,j120,j12039_8.sm
122,220,16,48,55,2.0625,j120,j12039_9.sm
122,183,16,40,46,1.9375,j120,j1203_1.sm
122,183,18,48,60,2.1666666666666665,j120,j1203_10.sm
122,183,16,41,51,2.0,j120,j1203_2.sm
122,183,19,38,53,2.1578947368421053,j120,j1203_3.sm
122,183,14,34,40,2.2857142857142856,j120,j1203_4.sm
122,183,18,37,50,2.1666666666666665,j120,j1203_5.sm
122,183,18,45,54,2.5555555555555554,j120,j1203_6.sm
122,183,16,38,49,2.125,j120,j1203_7.sm
122,183,17,44,53,2.2941176470588234,j120,j1203_8.sm
122,183,19,42,56,2.1052631578947367,j120,j1203_9.sm
122,220,17,53,58,2.1176470588235294,j120,j12040_1.sm
122,220,16,48,54,2.3125,j120,j12040_10.sm
122,220,16,48,54,2.375,j120,j12040_2.sm
122,220,20,50,65,2.5,j120,j12040_3.sm
122,220,19,54,68,2.263157894736842,j120,j12040_4.sm
122,220,21,64,83,2.142857142857143,j120,j12040_5.sm
122,220,16,53,60,2.125,j120,j12040_6.sm
122,220,18,51,66,2.0,j120,j12040_7.sm
122,220,20,62,77,2.15,j120,j12040_8.sm
122,220,20,59,78,2.15,j120,j12040_9.sm
122,257,18,63,72,1.8888888888888888,j120,j12041_1.sm
122,257,20,66,77,2.05,j120,j12041_10.sm
122,257,19,65,68,2.3684210526315788,j120,j12041_2.sm
122,257,19,70,77,2.1052631578947367,j120,j12041_3.sm
122,257,18,66,69,2.0555555555555554,j120,j12041_4.sm
122,257,21,76,83,2.1904761904761907,j120,j12041_5.sm
122,257,19,73,79,2.5789473684210527,j120,j12041_6.sm
122,257,17,53,62,2.2941176470588234,j120,j12041_7.sm
122,257,23,78,99,2.1739130434782608,j120,j12041_8.sm
122,257,18,69,75,2.4444444444444446,j120,j12041_9.sm
122,257,18,60,70,2.0,j120,j12042_1.sm
122,257,17,64,67,2.2941176470588234,j120,j12042_10.sm
122,257,18,70,76,2.3333333333333335,j120,j12042_2.sm
122,257,17,57,66,2.2941176470588234,j120,j12042_3.sm
122,257,18,65,72,2.111111111111111,j120,j12042_4.sm
122,257,17,61,69,2.176470588235294,j120,j12042_5.sm
122,257,19,67,75,2.0526315789473686,j120,j12042_6.sm
122,257,22,76,91,2.1363636363636362,j120,j12042_7.sm
122,257,18,66,72,2.111111111111111,j120,j12042_8.sm
122,257,18,65,69,2.388888888888889,j120,j12042_9.sm
122,257,18,66,69,1.9444444444444444,j120,j12043_1.sm
122,257,22,69,86,2.227272727272727,j120,j12043_10.sm
122,257,18,65,72,2.3333333333333335,j120,j12043_2.sm
122,257,18,61,72,2.2222222222222223,j120,j12043_3.sm
122,257,18,65,73,2.2777777777777777,j120,j12043_4.sm
122,257,20,69,79,2.1,j120,j12043_5.sm
122,257,20,70,81,2.1,j120,j12043_6.sm
122,257,20,65,75,2.05,j120,j12043_7.sm
122,257,22,75,95,2.272727272727273,j120,j12043_8.sm
122,257,19,67,80,2.0,j120,j12043_9.sm
122,257,22,72,92,2.1363636363636362,j120,j12044_1.sm
122,257,19,54,69,2.3157894736842106,j120,j12044_10.sm
122,257,18,59,66,1.9444444444444444,j120,j12044_2.sm
122,257,19,64,77,2.4210526315789473,j120,j12044_3.sm
122,257,19,61,71,2.1052631578947367,j120,j12044_4.sm
122,257,16,55,59,2.375,j120,j12044_5.sm
122,257,20,72,82,2.4,j120,j12044_6.sm
122,257,18,68,66,2.1666666666666665,j120,j12044_7.sm
122,257,19,70,82,2.0526315789473686,j120,j12044_8.sm
122,257,19,73,78,2.263157894736842,j120,j12044_9.sm
122,257,18,66,78,2.2777777777777777,j120,j12045_1.sm
122,257,20,81,91,2.35,j120,j12045_10.sm
122,257,21,68,80,2.238095238095238,j120,j12045_2.sm
122,257,21,62,78,2.142857142857143,j120,j12045_3.sm
122,257,21,69,79,2.142857142857143,j120,j12045_4.sm
122,257,20,73,83,2.65,j120,j12045_5.sm
122,257,19,69,76,2.263157894736842,j120,j12045_6.sm
122,257,18,66,73,2.611111111111111,j120,j12045_7.sm
122,257,18,68,71,2.111111111111111,j120,j12045_8.sm
122,257,20,65,81,2.05,j120,j12045_9.sm
122,257,18,64,72,2.2222222222222223,j120,j12046_1.sm
122,257,20,61,77,2.25,j120,j12046_10.sm
122,257,20,71,88,2.15,j120,j12046_2.sm
122,257,19,72,78,2.3157894736842106,j120,j12046_3.sm
122,257,16,65,62,2.5625,j120,j12046_4.sm
122,257,19,60,71,2.4210526315789473,j120,j12046_5.sm
122,257,20,71,91,2.15,j120,j12046_6.sm
122,257,19,71,82,2.526315789473684,j120,j12046_7.sm
122,257,17,64,64,2.235294117647059,j120,j12046_8.sm
122,257,20,68,78,2.2,j120,j12046_9.sm
122,257,20,74,82,2.2,j120,j12047_1.sm
122,257,17,63,64,2.235294117647059,j120,j12047_10.sm
122,257,21,67,80,2.238095238095238,j120,j12047_2.sm
122,257,18,59,66,2.0555555555555554,j120,j12047_3.sm
122,257,18,66,69,2.4444444444444446,j120,j12047_4.sm
122,257,17,60,60,2.176470588235294,j120,j12047_5.sm
122,257,18,59,63,2.2222222222222223,j120,j12047_6.sm
122,257,18,67,69,2.111111111111111,j120,j12047_7.sm
122,257,16,57,57,2.25,j120,j12047_8.sm
122,257,18,66,69,2.2777777777777777,j120,j12047_9.sm
122,257,19,66,69,2.0526315789473686,j120,j12048_1.sm
122,257,20,72,86,2.05,j120,j12048_10.sm
122,257,18,70,75,2.2777777777777777,j120,j12048_2.sm
122,257,18,62,67,2.1666666666666665,j120,j12048_3.sm
122,257,20,70,76,2.35,j120,j12048_4.sm
122,257,18,62,68,2.0,j120,j12048_5.sm
122,257,19,68,78,2.5789473684210527,j120,j12048_6.sm
122,257,21,63,77,2.142857142857143,j120,j12048_7.sm
122,257,23,83,106,2.391304347826087,j120,j12048_8.sm
122,257,18,69,74,2.4444444444444446,j120,j12048_9.sm
122,257,18,61,66,2.4444444444444446,j120,j12049_1.sm
122,257,16,55,57,2.125,j120,j12049_10.sm
122,257,20,70,80,2.05,j120,j12049_2.sm
122,257,17,57,62,2.176470588235294,j120,j12049_3.sm
122,257,17,65,63,2.235294117647059,j120,j12049_4.sm
122,257,20,65,81,2.35,j120,j12049_5.sm
122,257,22,79,88,2.272727272727273,j120,j12049_6.sm
122,257,19,62,79,2.1052631578947367,j120,j12049_7.sm
122,257,21,74,92,2.0476190476190474,j120,j12049_8.sm
122,257,17,66,69,2.0,j120,j12049_9.sm
122,183,16,41,51,2.125,j120,j1204_1.sm
122,183,18,40,52,2.0,j120,j1204_10.sm
122,183,20,46,59,2.15,j120,j1204_2.sm
122,183,17,42,51,2.2941176470588234,j120,j1204_3.sm
122,183,16,39,49,2.0625,j120,j1204_4.sm
122,183,16,42,49,2.3125,j120,j1204_5.sm
122,183,16,37,48,1.9375,j120,j1204_6.sm
122,183,17,42,53,2.176470588235294,j120,j1204_7.sm
122,183,17,44,51,2.1176470588235294,j120,j1204_8.sm
122,183,15,42,46,2.4,j120,j1204_9.sm
122,257,22,77,87,2.272727272727273,j120,j12050_1.sm
122,257,19,66,78,2.0526315789473686,j120,j12050_10.sm
122,257,19,68,79,2.3684210526315788,j120,j12050_2.sm
122,257,19,70,76,2.1578947368421053,j120,j12050_3.sm
122,257,17,62,66,2.176470588235294,j120,j12050_4.sm
122,257,19,65,80,1.894736842105263,j120,j12050_5.sm
122,257,16,54,55,2.5,j120,j12050_6.sm
122,257,22,76,92,2.0,j120,j12050_7.sm
122,257,18,59,69,2.1666666666666665,j120,j12050_8.sm
122,257,19,62,79,2.3157894736842106,j120,j12050_9.sm
122,257,18,67,77,2.2222222222222223,j120,j12051_1.sm
122,257,19,67,79,2.210526315789474,j120,j12051_10.sm
122,257,17,58,59,2.3529411764705883,j120,j12051_2.sm
122,257,18,60,70,2.0555555555555554,j120,j12051_3.sm
122,257,17,66,71,2.2941176470588234,j120,j12051_4.sm
122,257,19,67,71,2.1052631578947367,j120,j12051_5.sm
122,257,18,60,69,2.111111111111111,j120,j12051_6.sm
122,257,20,69,91,2.45,j120,j12051_7.sm
122,257,16,57,57,2.25,j120,j12051_8.sm
122,257,17,68,63,2.7058823529411766,j120,j12051_9.sm
122,257,20,80,90,2.65,j120,j12052_1.sm
122,257,18,61,71,1.9444444444444444,j120,j12052_10.sm
122,257,19,67,75,2.210526315789474,j120,j12052_2.sm
122,257,19,65,76,2.1578947368421053,j120,j12052_3.sm
122,257,21,69,82,2.380952380952381,j120,j12052_4.sm
122,257,19,63,79,2.3157894736842106,j120,j12052_5.sm
122,257,19,66,74,2.1578947368421053,j120,j12052_6.sm
122,257,18,63,69,2.1666666666666665,j120,j12052_7.sm
122,257,21,71,84,2.1904761904761907,j120,j12052_8.sm
122,257,17,58,60,2.5294117647058822,j120,j12052_9.sm
122,257,22,79,90,2.3181818181818183,j120,j12053_1.sm
122,257,20,64,74,2.1,j120,j12053_10.sm
122,257,17,64,67,2.0588235294117645,j120,j12053_2.sm
122,257,20,72,85,2.2,j120,j12053_3.sm
122,257,20,76,89,2.2,j120,j12053_4.sm
122,257,18,60,69,2.0,j120,j12053_5.sm
122,257,21,73,94,2.2857142857142856,j120,j12053_6.sm
122,257,21,65,84,2.3333333333333335,j120,j12053_7.sm
122,257,17,62,67,2.2941176470588234,j120,j12053_8.sm
122,257,22,72,86,2.272727272727273,j120,j12053_9.sm
122,257,19,68,78,2.3157894736842106,j120,j12054_1.sm
122,257,20,75,80,2.3,j120,j12054_10.sm
122,257,21,74,89,2.142857142857143,j120,j12054_2.sm
122,257,19,66,73,2.0526315789473686,j120,j12054_3.sm
122,257,22,71,88,2.4545454545454546,j120,j12054_4.sm
122,257,18,59,66,2.1666666666666665,j120,j12054_5.sm
122,257,19,66,75,2.1052631578947367,j120,j12054_6.sm
122,257,19,74,82,2.4210526315789473,j120,j12054_7.sm
122,257,19,65,69,2.210526315789474,j120,j12054_8.sm
122,257,19,68,75,2.1578947368421053,j120,j12054_9.sm
122,257,19,71,81,2.3157894736842106,j120,j12055_1.sm
122,257,18,62,68,2.111111111111111,j120,j12055_10.sm
122,257,17,55,61,2.235294117647059,j120,j12055_2.sm
122,257,22,72,95,1.9545454545454546,j120,j12055_3.sm
122,257,19,59,69,2.1578947368421053,j120,j12055_4.sm
122,257,19,60,73,2.0526315789473686,j120,j12055_5.sm
122,257,21,66,84,2.1904761904761907,j120,j12055_6.sm
122,257,20,67,85,2.55,j120,j12055_7.sm
122,257,19,60,65,2.0,j120,j12055_8.sm
122,257,18,61,65,2.0,j120,j12055_9.sm
122,257,19,67,78,2.0526315789473686,j120,j12056_1.sm
122,257,17,65,69,2.176470588235294,j120,j12056_10.sm
122,257,20,68,83,2.1,j120,j12056_2.sm
122,257,20,65,78,2.2,j120,j12056_3.sm
122,257,19,66,79,1.9473684210526316,j120,j12056_4.sm
122,257,20,65,75,2.25,j120,j12056_5.sm
122,257,16,62,58,2.375,j120,j12056_6.sm
122,257,20,72,88,2.3,j120,j12056_7.sm
122,257,20,76,87,2.5,j120,j12056_8.sm
122,257,18,68,69,2.111111111111111,j120,j12056_9.sm
122,257,19,63,72,2.263157894736842,j120,j12057_1.sm
122,257,22,65,84,2.3181818181818183,j120,j12057_10.sm
122,257,18,67,70,2.3333333333333335,j120,j12057_2.sm
122,257,20,70,83,2.3,j120,j12057_3.sm
122,257,20,71,80,2.2,j120,j12057_4.sm
122,257,18,65,70,2.1666666666666665,j120,j12057_5.sm
122,257,19,72,77,2.4210526315789473,j120,j12057_6.sm
122,257,18,61,71,2.5,j120,j12057_7.sm
122,257,18,66,72,2.111111111111111,j120,j12057_8.sm
122,257,20,71,84,2.1,j120,j12057_9.sm
122,257,20,72,87,2.6,j120,j12058_1.sm
122,257,19,66,79,2.210526315789474,j120,j12058_10.sm
122,257,20,67,83,2.3,j120,j12058_2.sm
122,257,16,53,57,2.4375,j120,j12058_3.sm
122,257,19,70,81,1.9473684210526316,j120,j12058_4.sm
122,257,17,65,67,2.235294117647059,j120,j12058_5.sm
122,257,19,64,74,2.3157894736842106,j120,j12058_6.sm
122,257,18,64,71,2.1666666666666665,j120,j12058_7.sm
122,257,18,65,69,2.3333333333333335,j120,j12058_8.sm
122,257,18,69,69,2.4444444444444446,j120,j12058_9.sm
122,257,20,73,83,2.2,j120,j12059_1.sm
122,257,19,76,78,2.3684210526315788,j120,j12059_10.sm
122,257,17,58,62,2.4705882352941178,j120,j12059_2.sm
122,257,19,62,75,1.9473684210526316,j120,j12059_3.sm
122,257,21,70,81,2.3333333333333335,j120,j12059_4.sm
122,257,19,58,69,2.210526315789474,j120,j12059_5.sm
122,257,18,67,70,2.3333333333333335,j120,j12059_6.sm
122,257,19,69,76,2.3157894736842106,j120,j12059_7.sm
122,257,20,78,88,2.4,j120,j12059_8.sm
122,257,20,64,77,2.15,j120,j12059_9.sm
122,183,18,45,56,2.2777777777777777,j120,j1205_1.sm
122,183,19,37,54,2.263157894736842,j120,j1205_10.sm
122,183,16,45,51,2.1875,j120,j1205_2.sm
122,183,15,35,43,2.2666666666666666,j120,j1205_3.sm
122,183,18,39,54,2.0555555555555554,j120,j1205_4.sm
122,183,15,39,43,2.2666666666666666,j120,j1205_5.sm
122,183,18,43,51,2.388888888888889,j120,j1205_6.sm
122,183,15,38,42,2.2,j120,j1205_7.sm
122,183,15,35,39,2.2,j120,j1205_8.sm
122,183,19,46,59,2.1578947368421053,j120,j1205_9.sm
122,257,17,55,61,2.1176470588235294,j120,j12060_1.sm
122,257,18,62,69,2.111111111111111,j120,j12060_10.sm
122,257,16,58,56,2.25,j120,j12060_2.sm
122,257,19,71,79,2.0,j120,j12060_3.sm
122,257,20,69,79,2.2,j120,j12060_4.sm
122,257,19,67,75,2.1578947368421053,j120,j12060_5.sm
122,257,21,68,87,2.238095238095238,j120,j12060_6.sm
122,257,19,69,71,2.263157894736842,j120,j12060_7.sm
122,257,18,68,70,2.0,j120,j12060_8.sm
122,257,17,55,61,2.0,j120,j12060_9.sm
122,183,16,40,49,2.4375,j120,j1206_1.sm
122,183,16,45,55,2.125,j120,j1206_10.sm
122,183,17,40,50,2.176470588235294,j120,j1206_2.sm
122,183,17,36,49,2.1176470588235294,j120,j1206_3.sm
122,183,19,50,60,2.1052631578947367,j120,j1206_4.sm
122,183,15,35,43,2.0,j120,j1206_5.sm
122,183,15,40,45,2.533333333333333,j120,j1206_6.sm
122,183,19,40,52,2.6842105263157894,j120,j1206_7.sm
122,183,17,42,51,2.1176470588235294,j120,j1206_8.sm
122,183,19,47,56,2.0,j120,j1206_9.sm
122,183,15,41,47,2.1333333333333333,j120,j1207_1.sm
122,183,17,46,52,2.235294117647059,j120,j1207_10.sm
122,183,16,39,45,2.1875,j120,j1207_2.sm
122,183,17,41,52,2.1176470588235294,j120,j1207_3.sm
122,183,20,46,58,2.35,j120,j1207_4.sm
122,183,17,45,54,2.176470588235294,j120,j1207_5.sm
122,183,16,37,44,2.25,j120,j1207_6.sm
122,183,17,42,57,1.9411764705882353,j120,j1207_7.sm
122,183,16,43,51,2.1875,j120,j1207_8.sm
122,183,15,34,40,2.6,j120,j1207_9.sm
122,183,16,39,49,2.0625,j120,j1208_1.sm
122,183,15,39,47,2.3333333333333335,j120,j1208_10.sm
122,183,17,43,53,2.235294117647059,j120,j1208_2.sm
122,183,16,38,48,1.9375,j120,j1208_3.sm
122,183,20,48,66,2.25,j120,j1208_4.sm
122,183,16,43,48,2.0,j120,j1208_5.sm
122,183,15,39,46,2.1333333333333333,j120,j1208_6.sm
122,183,15,38,43,1.9333333333333333,j120,j1208_7.sm
122,183,17,45,54,2.1176470588235294,j120,j1208_8.sm
122,183,18,44,52,2.388888888888889,j120,j1208_9.sm
122,183,17,39,53,2.235294117647059,j120,j1209_1.sm
122,183,15,38,43,2.2,j120,j1209_10.sm
122,183,18,41,53,2.5555555555555554,j120,j1209_2.sm
122,183,14,37,39,1.8571428571428572,j120,j1209_3.sm
122,183,17,43,53,2.176470588235294,j120,j1209_4.sm
122,183,20,45,62,2.25,j120,j1209_5.sm
122,183,17,43,53,2.0588235294117645,j120,j1209_6.sm
122,183,15,40,41,2.2666666666666666,j120,j1209_7.sm
122,183,17,43,52,2.3529411764705883,j120,j1209_8.sm
122,183,17,47,58,2.176470588235294,j120,j1209_9.sm
