m,n_dus_edges,n_skip,C,L,version_ref,n_dependencies,C_spine,L_spine,C_spine_sd,L_spine_sd,C_fwd,L_fwd,m_fwd
52,68,17,0.06666666666666667,12.153846153846153,5Q1wD8XsCJlTy8K,118,0.08555555555555555,12.698076923076924,0.009362388636862624,0.3619831553176583,,,
19,64,46,0.44148936170212766,2.526315789473684,5ND5EuDedP1O087,1073,0.4367021276595745,2.71578947368421,0.006041391857234331,0.09024435894464346,,,
26,85,60,0.3944636678200692,3.769230769230769,b2j78jiQ38t7SLR,785,0.3903114186851211,3.775,0.007057466454799698,0.09826527916185546,,,
48,79,32,0.27419354838709675,5.8125,hFe32J7iUMgQ8p4,132,0.2314516129032258,6.086458333333335,0.01693548387096774,0.23369345349909434,,,
79,435,357,0.2470634299138606,3.3797468354430378,q67d2yz6Khp6UQ2,1419,0.21090446358653098,3.0955696202531646,0.004781431911688803,0.03890732377038903,,,
29,140,112,0.40809443507588533,2.586206896551724,z7fLm7koa8zoI5e,487,0.40876897133220913,2.618965517241379,0.006518093790923331,0.10765857424654592,0.5901843924738206,2.389863542254847,22.5
119,384,266,0.2134423251589464,3.2016806722689077,H2N9b88nYdD0UPu,1216,0.2181198910081744,2.8382352941176463,0.009720029239765879,0.08679801789963701,,,
36,159,124,0.32653061224489793,3.5833333333333335,Z8WM1400PlcPLCB,462,0.2911807580174927,3.0805555555555553,0.008114638070715679,0.10932593696752455,,,
73,118,46,0.1751412429378531,16.972602739726028,t7J7O1DlpVH1NxQ,260,0.12881355932203392,15.107534246575344,0.013441104241096407,0.3919645847414016,,,
76,441,366,0.2727272727272727,2.8289473684210527,M3361a149Mx714X,1339,0.23392045454545457,2.905263157894737,0.00515829962115759,0.10694381987482154,,,
69,348,280,0.2542372881355932,2.8260869565217392,M15wA6GI2WC5kD8,1005,0.23074225599064874,2.8681159420289855,0.00621722321307876,0.08670252760084654,,,
20,20,1,0.05,9.4,grXgh8AxL4hlk6y,55,,,,,0.024069264069264067,8.976909620307454,19.7
109,327,219,0.21896162528216703,5.944954128440367,TZEACiHteYMG1K8,1107,0.24497742663656882,5.963761467889908,0.017725750702669466,0.11312618564072478,0.6586785698871963,3.7255507246376807,24.5
64,194,131,0.34508076358296624,13.34375,GC03c7B5DhW6On8,471,0.2985315712187959,8.0171875,0.00923009992940835,1.8476448532946612,,,
60,267,208,0.2753623188405797,2.7666666666666666,FiLgWIIPKYr9aIw,781,0.22728047740835464,2.854166666666667,0.006896418897240135,0.09065732182234373,,,
157,230,74,0.17585301837270342,35.2484076433121,p8KyyZXCnliWPS6,395,0.09396325459317587,14.19140127388535,0.010083660216429683,1.5638628666225944,,,
69,327,259,0.23721227621483376,2.782608695652174,bPbMZmCQbgZ29pP,958,0.20920716112531967,2.8492753623188407,0.00680458322091484,0.08292591015026066,,,
60,59,0,0.0,29.5,yqN2IkdG3Bu79EH,517,,,,,,,
34,77,44,0.2215568862275449,2.764705882352941,rgi1ZQo4Ifbo5g4,298,0.18083832335329345,3.3191176470588237,0.016022860072167248,0.23917299120758476,0.25375999399742566,2.2435458578777547,28.3
29,57,29,0.26548672566371684,4.344827586206897,XNYixJC2N22LuCf,296,0.23053097345132745,3.703448275862068,0.016431366927103667,0.19304186210039176,,,
69,327,259,0.23721227621483376,2.782608695652174,86dZ6BK9Ip3gisK,958,0.21026214833759588,2.9746376811594195,0.005892334881058106,0.09828128127953711,,,
60,287,228,0.25442948263642806,2.65,y6OL4qIR0szG9cQ,887,0.22406094968107726,2.7825,0.007796775286311368,0.07843521743026752,0.36918367664608737,2.6012245579540663,40.6
60,267,208,0.2753623188405797,2.7666666666666666,L5RqhzwAM9fcivC,781,0.22996589940323955,2.881666666666667,0.006712032466501644,0.10539607835841582,,,
49,174,126,0.2781456953642384,3.510204081632653,OUz7YfOcUbCMdBF,371,0.2187913907284768,3.5295918367346935,0.01261188469429929,0.16332588161963338,,,
66,471,406,0.3900731784918867,5.2272727272727275,AseJAfL2fJal0sv,1448,0.341250397709195,5.2280303030303035,0.004640746562732038,0.012192027984417465,,,
44,343,300,0.52138093369949,2.75,AxbOGw4ee81fz21,2978,0.5166339741074931,2.738636363636364,0.0034018112021565387,0.07416894941854872,,,
141,1118,978,0.25042111173498033,2.9574468085106385,5UX46536JC81phU,3852,0.20405390230207754,2.8014184397163127,0.0027046667724201106,0.056426451860754866,,,
85,627,543,0.41472933989479044,2.235294117647059,MQ8i45ux0q6btvT,3728,0.39157474970303746,1.9576470588235295,0.002532051125449732,0.019474053361466907,,,
45,320,276,0.5022123893805309,2.7111111111111112,42ytyCG1IDqUXI2,2990,0.498141592920354,2.963333333333334,0.002996460699705662,0.2389560629069704,,,
145,1259,1115,0.30347725774555045,3.56551724137931,mfrE4ofxwx88RcU,4865,0.24355636123928806,3.4610344827586212,0.001934651180095334,0.06404052670490848,,,
117,452,336,0.2589622641509434,5.632478632478633,0vXU2tsXpltld7M,3291,0.22134433962264147,4.771794871794872,0.004442171745716358,0.23884416198266262,0.37076483350130734,3.5014924011177895,84.1
127,1180,1054,0.32764275502480866,3.4803149606299213,89aRBJPyMdE28o2,4912,0.2839374316710117,2.7051181102362203,0.002793888754341606,0.06632310153715365,0.5106845465687472,2.3372832341534595,64.0
104,845,742,0.3301780163888104,2.951923076923077,atm32nXuQ7W3X9c,3246,0.27811528680418196,2.862019230769231,0.003180433507909135,0.0904191321162879,,,
103,807,705,0.33784606023729846,2.8446601941747574,xKQpw9h8ZPP83Z0,3113,0.29404472163066625,2.9412621359223303,0.003656911877013827,0.08538585192039898,,,
88,783,696,0.42241008740507235,2.6136363636363638,Nuh4ONnzj21kKs8,4350,0.39249176099727756,2.41875,0.002592109028229046,0.07384396591227269,,,
139,1039,901,0.27978315483273836,2.884892086330935,iq43koa6TDY5zc5,3800,0.23057649081052492,2.585251798561151,0.00370418787367485,0.046971035148836805,0.48255115077267696,1.8900845242374196,55.8
44,297,254,0.5091649694501018,3.1363636363636362,Ilm0o8zG6qXKP5h,2204,0.5063391038696536,3.047727272727273,0.0034775445571344214,0.17690813323108065,0.5061946019152853,2.850353422070823,40.4
143,1166,1024,0.2997872340425532,3.2097902097902096,KvXp7BSMIFMq7Ns,3898,0.25995744680851074,2.875874125874126,0.0035432719224897736,0.09534305330790506,,,
110,862,753,0.32732732732732733,3.0272727272727273,vaYPzt6rA8rmP73,3269,0.275082225082225,2.894090909090909,0.00322346397977853,0.16145707921844762,,,
137,1021,885,0.3237597911227154,5.4963503649635035,ZVA10HhBeBioI3x,3800,0.250805047867711,5.362043795620437,0.0030145698454513486,0.05048647143296525,,,
104,842,739,0.33503981797497157,3.0384615384615383,4o3V8dseqcs8aH4,3245,0.2858646188850967,2.900480769230769,0.0034534947068624723,0.16222025875972151,,,
139,1101,963,0.29397562658082316,3.2158273381294964,1o23hHaXXrBV5aF,3793,0.2585019544722925,2.847122302158273,0.003357698888975509,0.116023226821407,,,
129,524,396,0.2533744697261859,6.906976744186046,C4m4Arpsq97LQdd,3349,0.2128808330119553,5.176356589147287,0.004904022941461422,0.5556083593678727,,,
103,806,704,0.3399420466676834,2.8640776699029127,7feu3xxICmgcdGS,3127,0.2949900869299984,2.9330097087378637,0.0024670974559763263,0.12268787255860666,0.4900376401553716,2.489225395137887,55.5
97,745,649,0.34294252065389347,3.288659793814433,ubSazX8iz00lFMq,3123,0.2864563192125154,3.1262886597938144,0.0038116944366580795,0.036576151494034585,,,
117,947,831,0.302573083658898,3.076923076923077,YhUNyE7WX9t0rtD,3907,0.23995015492388522,2.7076923076923074,0.0029451101993524503,0.13245381625853345,0.6247366746762075,1.3259625863944802,44.0
118,975,858,0.3102469135802469,3.0084745762711864,mo7EL39sHEWfzUw,3815,0.2511358024691358,2.98135593220339,0.0040271521674869045,0.10511891188702155,,,
85,638,554,0.41124604891033106,2.0588235294117645,AJm522GzPi6umx3,3757,0.38796373315588084,1.9441176470588235,0.003906657681663487,0.027307045619847394,,,
104,838,735,0.3330480673227785,3.0384615384615383,4dk66uu55LVXQBB,3228,0.2853658536585366,2.9274038461538465,0.004480152419505941,0.14463005628317158,,,
143,1279,1137,0.30537974683544306,3.5314685314685317,Qbr4V7M988bgpns,4708,0.24811313291139242,3.4083916083916086,0.0027405039310291522,0.04127651626118517,,,
131,1327,1197,0.3691449229801949,1.984732824427481,1wyIjQVGQmyhVho,7161,0.3361639421565545,1.8328244274809162,0.002020779608018302,0.03004376893764036,0.43637195788546174,1.6173105900391183,73.5
131,1322,1192,0.3825195994721726,2.099236641221374,cb0515chgK9N9pv,7195,0.3491539237755181,1.8973282442748094,0.002470061985526654,0.0475171678696431,,,
129,1388,1260,0.34189024390243905,2.4573643410852712,e3nzztRREXianmc,6342,0.30429573170731705,2.3162790697674422,0.001786957319975673,0.053178520577186035,,,
131,1322,1192,0.3825195994721726,2.099236641221374,0xk7Hz11AGVJrAv,7195,0.34689513312116743,1.8713740458015267,0.002809698134174472,0.03483752359915283,0.43154555170293313,1.6835968639397152,80.6
102,885,784,0.34858188472095153,2.323529411764706,KdDz7WJMg2hOyAW,7284,0.32444533394327535,2.2088235294117653,0.002258648244454896,0.08575489691703804,,,
123,1501,1379,0.3634725819164509,2.186991869918699,vKZkTyK5jqWqoev,6777,0.3063055962166423,2.0394308943089428,0.0020255785840189466,0.026378950541313204,,,
131,1322,1192,0.3825195994721726,2.099236641221374,Dvj7eq48wk8zEf4,7194,0.34818365287588293,1.8790076335877863,0.0019069158346644776,0.02969014271312124,,,
108,787,680,0.30646083476272157,2.9814814814814814,2i5rbbLOuo7j534,6522,0.29500428816466556,2.9333333333333336,0.0030467352109062222,0.20570565090637355,0.4268905166625367,2.559355440960344,77.6
126,1418,1293,0.2954157445463168,2.5793650793650795,4e1n2UNicvHqD5O,6039,0.2630825165981663,2.2634920634920634,0.002516349916342665,0.04090190071976226,,,
133,1422,1290,0.33558976816629726,2.4285714285714284,DLIJe554Ry0P2OT,6462,0.2970676331396394,2.3454887218045117,0.002588401598362497,0.05113196577615264,,,
66,603,538,0.44417890064868554,2.090909090909091,9yFOwO89xjqe1bl,5752,0.4222772277227723,2.121969696969697,0.002989610434545731,0.06934611955632888,,,
117,668,552,0.4568888888888889,26.196581196581196,wUhBC60fHmHZMmP,4894,0.4505866666666666,25.746153846153845,0.0030427927392974014,0.3417852431837543,,,
131,1322,1192,0.3825195994721726,2.099236641221374,HlyXnDbxKe0HSu7,7194,0.3488706046728247,1.8755725190839694,0.0026815451123407565,0.03863078146222901,,,
117,668,552,0.4568888888888889,26.196581196581196,9p7pbovlhH8qs4L,4892,0.4519288888888888,25.738034188034185,0.003347655158723545,0.3335663770062741,,,
62,861,800,0.528390522875817,2.0483870967741935,zV396MMMG4qmFF4,6476,0.5189644607843136,1.8637096774193544,0.002957213760340531,0.03514315898306606,,,
127,1257,1131,0.29828812631908075,2.47244094488189,8ogI01affxRG1bi,5846,0.2584460251700148,2.413779527559055,0.00254436920246771,0.05124012344930977,,,
125,1527,1403,0.3505273566249176,2.096,UYul9Btea14IU9R,6756,0.3001977587343441,2.0036,0.0024742171120602694,0.02730274711453046,,,
73,678,606,0.44436067551266584,1.8767123287671232,W7mK6QK2974q2LZ,6091,0.4167294933655007,1.7719178082191778,0.0030694375776878923,0.020444947337807284,,,
130,1491,1362,0.3270694028130044,2.2,zgBCmIYEi4txWgn,6592,0.2900334332487895,2.0788461538461536,0.0022855860492763855,0.03198326115459215,,,
74,752,679,0.4417665615141956,1.945945945945946,gS648ZoPf5Gag9o,6201,0.4168895899053628,1.8054054054054056,0.0032552453848976176,0.039259024449551254,,,
131,1322,1192,0.3825195994721726,2.099236641221374,6hC665Xs8dUt4cD,7195,0.34809438795311654,1.866412213740458,0.0025536822272188052,0.03751347290169652,,,
127,1498,1372,0.322891703754422,2.141732283464567,5F1IgR92sV4a8Zx,6711,0.2790511240442771,2.0555118110236217,0.0021273772471517532,0.03222339331439427,,,
73,682,610,0.44776119402985076,1.8767123287671232,85eyDfjYM3MFR7x,6121,0.41997014925373133,1.7746575342465754,0.003013521174401742,0.020988429378143252,0.5996599192168344,1.4904970886807285,50.7
77,1054,978,0.5010181763330568,2.064935064935065,LEZUX0i4VlyTRpJ,7648,0.4900181009125877,1.9538961038961038,0.0019067027004122258,0.050877773298568574,,,
131,1322,1192,0.3825195994721726,2.099236641221374,SDrnaZM125NCrMf,7195,0.34889777225801444,1.8748091603053436,0.002331788487835464,0.03382980123077915,,,
135,1624,1490,0.3781703400155056,1.9333333333333333,61zbUvdnps753xP,8786,0.3452126481337911,1.9233333333333333,0.0019882062864169645,0.03500146969283485,,,
56,860,805,0.7056868537666174,1.6785714285714286,cxMTDXmv65I0kB9,12069,0.6992152880354506,1.6919642857142854,0.001625680622639992,0.01682271757269354,,,
55,870,816,0.679631880534815,1.6545454545454545,0iKX1l9wipd7zMB,11052,0.6757032470915091,1.668181818181818,0.0014641250715945189,0.017128585164924305,,,
135,1624,1490,0.3781703400155056,1.9333333333333333,Ke82f6NOglT6U2E,8786,0.3458605604164359,1.924814814814815,0.002058768655674265,0.03921555918643171,0.496962618834815,1.6066335206703783,65.0
92,914,823,0.5343511450381679,3.4565217391304346,5SNsk9XLmGmqx2q,10274,0.5229623245506032,3.4630434782608694,0.004255566275755148,0.04366806397087106,0.7009412803849384,2.173196966357811,42.3
156,1930,1775,0.3838383838383838,2.4358974358974357,mFt9NIK1rMDc2Y0,9886,0.3513993691859304,1.8794871794871792,0.001691776686428467,0.02990231740946308,,,
54,729,676,0.6148204077230073,1.1666666666666667,QGzSFyje9H6515o,13594,0.6113256390896343,1.166666666666667,0.00107668900558454,2.220446049250313e-16,,,
159,1855,1697,0.38020698576972833,2.710691823899371,8EytYvkD2PLZYU1,9488,0.3455778352738249,1.9864779874213838,0.0017102372646137344,0.052366752894088694,,,
49,723,675,0.6919232079972737,1.6122448979591837,2dw5U1kaERb5UOz,9857,0.688265364080427,1.6173469387755102,0.0008999342188044225,0.008836993916167752,,,
135,1825,1691,0.4784726113002629,1.9259259259259258,qGHzHk7GtCa5a9O,12213,0.4391587294746369,1.625925925925926,0.0016601131490656823,0.008919699687994252,0.5530399606570675,1.3334128416670599,69.1
57,860,804,0.6951286764705882,1.719298245614035,SXLUAO7kqr1gGl6,11886,0.6893382352941176,1.6991228070175435,0.0017227020857394507,0.012741964075731574,,,
64,567,504,0.5964414158621995,6.625,69I1CmZVb8SA5fH,8486,0.5936683702441794,6.421875,0.0031607284947311625,0.19665165903190343,,,
64,864,801,0.6535064476240947,1.4375,2yxsZPA9tsBaQO7,12310,0.637413884472708,1.3765625,0.00244396413838346,0.004687500000000001,,,
58,850,793,0.6552641232575201,1.6724137931034482,oQakJMih2CAAn8J,10415,0.649605649303008,1.6689655172413793,0.0012277085407442175,0.02966319057600905,,,
64,842,779,0.6437153419593346,1.515625,0rZ64l56ZE0dQ7r,11049,0.6259195933456561,1.4546875,0.0017005231352080735,0.004687500000000001,,,
85,1304,1220,0.5285074034152153,1.4588235294117646,38bjsDfPwDtu7sn,9808,0.5157514040959891,1.461176470588235,0.0014112579388155765,0.004705882352941249,0.7073827985503401,1.181634225250257,43.9
64,870,807,0.6541966843155976,1.46875,70AsHKVZ91NeE9F,11760,0.6402656019442757,1.40859375,0.0016581602786146727,0.005579240959799101,,,
153,2005,1853,0.3643371017471737,2.176470588235294,Wnv8EX7vCH3R7IV,10063,0.3374431067390985,1.8477124183006537,0.001838497376316222,0.03222560270750599,,,
87,1323,1237,0.517155756207675,1.9425287356321839,hhrqhgeKeit629X,9653,0.5016958239277653,1.798850574712644,0.001993743286648581,0.01605085062502177,,,
192,1254,1063,0.23968545751633988,6.541666666666667,WmkwKTxUO1VPS64,9509,0.18060661764705885,6.57421875,0.0036971916295231834,0.36832114819470424,,,
57,851,795,0.6879294336118849,1.719298245614035,W7qYHGWoe93JLg2,11763,0.6816991643454038,1.7070175438596489,0.0015756980611043622,0.024246096422956616,,,
57,854,798,0.68097543154626,1.736842105263158,THG9PQF4dip8M4I,11474,0.6761165403233171,1.7543859649122804,0.0015565701963069997,0.049621528504319126,0.7132013460232498,1.5673971829746696,45.0
146,1502,1357,0.3643005676389591,2.643835616438356,S7IfS6QFYBDYffL,10557,0.2967543415950093,2.43527397260274,0.002762382293435125,0.06919079633605041,,,
63,789,727,0.6642276422764227,2.142857142857143,gwnKXcGNvOYIpIp,10111,0.6548831300813008,1.7071428571428569,0.0016939794920831006,0.06378405082647003,,,
54,722,669,0.6183315038419319,1.1851851851851851,RrHg5wJk4cUR7pz,13053,0.6126728869374314,1.1851851851851847,0.0015036716594174643,4.440892098500626e-16,,,
192,1524,1333,0.321880650994575,7.494791666666667,0tZPN9ARwRL605i,14557,0.27527426160337554,7.417447916666667,0.0028048435404129817,0.11758929960279711,0.42442576172363156,3.2199198257026715,131.2
112,1968,1857,0.509478527607362,1.2589285714285714,d2FntYe27ZkC6wx,17703,0.4876809815950921,1.2598214285714289,0.0016808136587108105,0.002678571428571419,,,
152,1722,1571,0.6619449843025863,7.197368421052632,KTeAvaFJ0EqEz7Q,16879,0.6383988638062491,3.3319078947368417,0.0013509320953750768,0.06530992991868374,,,
192,1525,1334,0.3241878574035771,7.53125,Je3v70oaTq8FkGh,14563,0.275930770166687,7.517447916666666,0.0014769013393404373,0.07320024840932927,,,
71,282,212,0.6622807017543859,28.014084507042252,gPpJaMI4OjgjwHT,20048,0.6566337719298245,20.433098591549296,0.00469414797381395,1.5360113886021454,,,
112,1986,1875,0.5005284295075036,1.2321428571428572,LEo3cEmOIDwK2bR,17100,0.4753268713953559,1.233482142857143,0.0009999563745904081,0.005837811085099095,,,
55,243,189,0.7370417193426043,21.436363636363637,2Com6z9dD2RlKGL,20860,0.7309102402022757,16.650909090909092,0.005186009596957939,2.2519310354515194,,,
68,972,905,0.6607234573336268,1.3235294117647058,TklnB761pCjIST6,15923,0.6499523075794263,1.2963235294117645,0.0019366290681829292,0.005251050315105019,,,
176,1975,1800,0.4695216629100927,2.0738636363636362,xMAKif4b02naqUs,12899,0.4402629601803155,1.9644886363636362,0.004110676198235941,0.03583939402746925,,,
68,998,931,0.6629503170510765,1.4411764705882353,ESz1ruuer8n3boL,19021,0.6560239704550206,1.2794117647058827,0.001256665845673058,4.440892098500626e-16,,,
112,1975,1864,0.5106843468983386,1.2589285714285714,8m0ZjH4r8oAR2ct,17648,0.48906569120560894,1.2589285714285716,0.0013947369015716133,2.220446049250313e-16,,,
80,810,731,0.642566510172144,2.5625,2ePa9EFouyL5jps,14249,0.6020187793427231,1.471875,0.0028360167895277654,0.027350445608801358,,,
112,1979,1868,0.5064207899701784,1.25,91vl8pM6cG4bTFz,17737,0.4845322865315563,1.25,0.0013900046206392304,0.0,,,
112,1935,1824,0.5001424817148465,1.2589285714285714,hnjb8wvDRu6uK0E,16659,0.4727384985593515,1.242410714285714,0.0014734341367990617,0.005837811085099095,,,
112,1960,1849,0.5091963955067276,1.2589285714285714,W4D4N0eByQVAQQC,17461,0.487066411554129,1.2589285714285716,0.0013688904063712789,2.220446049250313e-16,,,
103,2499,2397,0.5210901467505241,1.6504854368932038,udht1IfPBuLngMS,15460,0.5166027253668763,1.6519417475728155,0.0011972003690423982,0.00828093306273397,0.7815048448970691,1.508806994592709,49.9
112,1971,1860,0.509775768314291,1.2589285714285714,49z87NhSPW6FsI6,17636,0.4875954664874443,1.2620535714285717,0.0014034549846365014,0.006484749574256245,0.559995487615103,1.2974137140271034,77.9
112,1951,1840,0.5092820816823188,1.2321428571428572,V3G34vlroHI93N1,17208,0.4869411250819008,1.2383928571428569,0.0023277051562642557,0.009406833707904197,0.5595019213586775,1.2899364911444815,77.4
60,781,722,0.609136546184739,1.2,ryX7Tzp3B7lB4Jj,14965,0.5982730923694779,1.1349999999999998,0.001657265302177626,0.004999999999999983,,,
60,801,742,0.6247334754797441,1.2,gIHG8LzwoU7g245,15177,0.6143099437875558,1.1341666666666665,0.0016172461947720734,0.0036324157862838813,,,
112,1971,1860,0.509775768314291,1.2589285714285714,2Dd2Uasg9QPFZ3i,17631,0.48782000366591316,1.2602678571428574,0.0014504344552975074,0.0031881376913137608,,,
112,1965,1854,0.507768361581921,1.2589285714285714,CG1ZaxFPvUI0v0v,17511,0.48462754851387874,1.2602678571428574,0.0012293609022675364,0.0031881376913137608,,,
112,1958,1847,0.5091848095002474,1.2589285714285714,FhBPi1o6M8Onz23,17457,0.48756030430479963,1.2598214285714289,0.0013732663260139968,0.0026785714285714195,,,
104,2463,2360,0.518291510945008,1.6538461538461537,mN12kNbspQbGF3D,15366,0.5138686599038975,1.646153846153846,0.0008676445012717316,0.010793242461847933,,,
68,947,880,0.5967754201840444,1.338235294117647,dtyqbJQK2UT4e3l,19341,0.5725530458590007,1.2801470588235295,0.0024675723755278145,0.0032050727526034732,0.6330579784454244,1.2496209059466508,55.8
210,3664,3455,0.4158537373215324,3.442857142857143,n04whOzXpTp5828,36008,0.38416806641255896,3.404761904761905,0.0025020173147532344,0.07592214654236873,,,
128,2022,1895,0.5523095550918412,2.3203125,uw7Spbq8ELJ6A1T,30325,0.5310933353942859,1.58828125,0.0014076584710124528,0.017660397742902054,,,
128,2004,1877,0.5336713295994479,2.15625,6F2y4UcGk876ipQ,29056,0.5114272821384015,1.551953125,0.001229315039676135,0.023211803932414968,,,
128,1999,1872,0.5375256249833604,2.140625,JV33Es293KcwUnp,29728,0.5147280423843881,1.5421875,0.0013550505300676658,0.02548360379734389,,,
128,2021,1894,0.5531443298969072,2.3046875,4DMfleF619ex6zh,30252,0.5308389175257733,1.572265625,0.0014948559144668278,0.025420655318006163,0.6079819046072628,1.2806807736381676,83.8
26,160,135,0.6360505166475315,3.8076923076923075,o1YcSnrb5EsF9yb,32703,0.637715269804822,3.8365384615384612,0.0014282267858352247,0.05422258530719887,,,
78,1496,1419,0.6437921287236356,3.0384615384615383,jVHzReix6zM50O6,24865,0.637797347249402,3.0384615384615388,0.0015895503346954267,4.440892098500626e-16,,,
128,1986,1859,0.5372689965936217,2.296875,tphBQTxSkrKF424,29054,0.5154520827186653,1.560546875,0.0018831249225733351,0.031335332712002194,,,
128,2001,1874,0.5463396759756065,2.3046875,XuUL3k932S7kzC0,28871,0.5230690711126232,1.56640625,0.0015411978971927344,0.027006853152255633,,,
128,1994,1867,0.5363855421686747,2.15625,65Rid7OBrFT2Xj5,29077,0.5131793842034806,1.547265625,0.0015904803231524957,0.019527343359296855,,,
101,954,854,0.4144293663965635,10.693069306930694,5ZrX7mhOB8WrPwH,24400,0.3578199746168115,10.754455445544556,0.0023345616441084677,0.1962694921721008,,,
91,2532,2442,0.7128697457187337,1.2527472527472527,O5o5vRiZL63dtb4,25395,0.7082035979934267,1.2549450549450547,0.0006451933226094866,0.00439560439560438,,,
78,1496,1419,0.6437921287236356,3.0384615384615383,7J6KDT6H0DVwWX6,24865,0.6373885627310286,3.0384615384615388,0.0013130751616990033,4.440892098500626e-16,0.8186921353963408,2.045602581179435,47.3
89,2559,2471,0.7005077004058208,1.1797752808988764,llpiP3vCQ4fWv9I,25172,0.6960895182789126,1.1797752808988764,0.0006758061442869161,0.0,,,
128,1996,1869,0.5362283940707444,2.15625,M48nM2421pLfx0m,29076,0.5124030074383261,1.548828125,0.0018888597826346983,0.023290554977756003,0.6033758686431826,1.311108227669636,84.4
92,2720,2629,0.7473798104097024,1.1304347826086956,HkXygu50V0FeFF7,28619,0.7399512297530805,1.1304347826086956,0.0006430298513335745,0.0,0.8474622963259899,1.1031552889869372,45.2
128,1997,1870,0.5371442289738323,2.140625,7e2Y8wTlo3A9d0N,29725,0.5146442956600603,1.546484375,0.0016900663754436953,0.017896423732742667,,,
127,2256,2130,0.46624640566246406,2.8503937007874014,O2X62XgFk68BYmc,28168,0.44002875470028757,2.7177165354330706,0.0010756772501118725,0.10899967321904006,,,
94,2917,2824,0.7454735831769993,1.1808510638297873,oIe8aHE14EIle27,29461,0.7414990619955499,1.1813829787234045,0.0006207725147751733,0.0023185632678407505,,,
92,2710,2619,0.7274508229626656,1.1630434782608696,kdNKS921HezGa51,28673,0.7224865515857085,1.1630434782608698,0.0006738785971690771,2.220446049250313e-16,,,
26,167,142,0.47058823529411764,1.4615384615384615,4849XiHYQ1Fpit3,33220,0.4685729847494553,1.4615384615384612,0.00500704360981848,2.220446049250313e-16,,,
211,2749,2539,0.5452521754772559,3.706161137440758,Fp5Ei53H2IabYy1,35578,0.5133901468306613,3.6708530805687203,0.00237025887561472,0.09372000467268099,,,
92,2691,2600,0.737987679671458,1.108695652173913,yMpq3d7eATmI9vp,28185,0.7305190965092403,1.1086956521739133,0.0008185788805587672,2.220446049250313e-16,,,
27,188,162,0.6221198156682027,2.888888888888889,1iEHL337Ee8l170,33859,0.620967741935484,2.861111111111111,0.002853796166892367,0.032867109906109,0.6831310440160967,3.558820217276099,34.9
28,165,138,0.6445916114790287,5.392857142857143,8QX1Hih3Gcp0vdc,32801,0.6453090507726269,5.475,0.0014507107536528678,0.12479575149754377,,,
349,5546,5198,0.40583631359185124,4.699140401146132,TzN072RxoFnAFK6,44879,0.39256043215308856,3.6179083094555877,0.001715422429283226,0.2873159430761219,,,
119,4095,3977,0.6217756575336683,2.4285714285714284,YnIk9pjB3sFtwAX,71260,0.6111584413391311,2.2533613445378156,0.00036965029669640905,0.0884261641038933,,,
207,6642,6436,0.4968868067795362,1.5217391304347827,Dzo5J1anu7Q65mj,66014,0.46336924358378473,1.47536231884058,0.0006913786820842757,0.017776202408670626,,,
342,5448,5107,0.4402418853757362,8.804093567251462,e36M12yEw876gdX,45678,0.42051518784622255,7.2406432748538005,0.0016352821389490793,0.6980243828511664,,,
152,4410,4259,0.6330255379979137,3.1052631578947367,Id855C9lCg2q39t,80196,0.6208689100954294,2.9894736842105263,0.0005328429283424643,0.18482510262287638,0.8305918569251298,2.956741930077198,76.1
164,3528,3365,0.5628323332845505,4.621951219512195,1HzNNKwyLCX8ijd,53300,0.5398129177033025,4.2786585365853655,0.0010307761887359307,0.0708761141528393,,,
65,1440,1376,0.6920592984001174,1.4615384615384615,e1C6mKGUooZXE6b,84950,0.6898998238661382,1.47,0.0004840726662960425,0.013301243435223572,,,
73,281,209,0.5337301587301587,26.767123287671232,S12Ea6C14fBUaq7,46145,0.533531746031746,26.713013698630135,0.0028454530111506637,0.053490475789505575,,,
157,5005,4849,0.5683076148943308,1.6878980891719746,Sa8h7uy5fsWY7X3,51306,0.5372274404562227,1.680891719745223,0.001295455440966595,0.008521712203987038,0.8979074204084545,1.4371042032063175,59.0
145,4452,4308,0.6224828801952674,4.662068965517242,CyBaPd19xBBpdS6,76702,0.6044696062256574,3.9906896551724147,0.0008008607383487961,0.03785415406247997,,,
101,2936,2836,0.7937189794792906,1.4653465346534653,23rN6i9dmfLQcNZ,67708,0.785513598235277,1.3915841584158415,0.0008010913418279899,0.03153974343801276,,,
392,4694,4303,0.42513746623335663,4.303571428571429,C72rsJ8i0fUKrfB,41263,0.410882114991704,4.104336734693878,0.0024359790199444844,0.08565466524636771,,,
158,4914,4757,0.5445445445445446,2.518987341772152,DSZKQQ60dRm7q1K,72028,0.5256719304338351,2.3598101265822784,0.0010054232180965548,0.072943552814021,,,
73,285,213,0.5557717250324254,26.767123287671232,a2tVSbVU1VuAo31,46962,0.5521076523994812,26.72534246575342,0.0015520230796075586,0.05188779990827039,,,
192,6188,5997,0.498117815145635,2.7864583333333335,H5I5pnCYaMruppK,66278,0.469956225902714,2.7171874999999996,0.0006675713236227096,0.1552406635790772,0.7149894781095796,2.3027267911936935,94.1
73,282,210,0.5461133069828722,26.767123287671232,xi15j38h3Te0WYg,45906,0.541699604743083,26.730136986301368,0.0026193538013268907,0.057972887587667624,,,
100,2872,2773,0.7986360373295046,1.47,ELL68GASmZ0w80h,68660,0.7915702022014837,1.4689999999999999,0.000627668263034024,0.01640121946685674,,,
152,2718,2567,0.48538153811642426,1.8486842105263157,7JiCOvdd8cdNVXf,60033,0.4616078438703405,1.7871710526315787,0.001614358292550959,0.033692625901912195,,,
199,5310,5112,0.42532428129841016,1.7236180904522613,w4fiV4zZ15t0u3K,51709,0.3843441914919438,1.6861809045226128,0.000801123156596051,0.006251183570163156,,,
73,283,211,0.5369881109643329,26.698630136986303,B4tZ8ubAUM3J3JF,45787,0.5359643328929988,26.679452054794524,0.0030588801631116413,0.040031888208774145,0.5315680452968161,20.627321998284213,70.0
100,2872,2773,0.7986360373295046,1.47,vYubb871hghZNLR,68660,0.7915724455611389,1.4734999999999998,0.0007146914955610182,0.022643983748448525,0.9054274291055737,1.0684296522951464,46.5
192,6269,6078,0.5094432977325091,2.3020833333333335,7HAUf3o2fNh5rr2,67207,0.47477272613686916,2.314583333333333,0.0008599074085641954,0.05749018636061098,,,
321,7530,7210,0.4268188831226081,1.9501557632398754,do3mqm4w9WBcie9,66951,0.41294056945919405,1.9699376947040501,0.001634423259369465,0.008316940233154194,,,
73,285,213,0.546526867627785,26.698630136986303,K8ZWFaiD3cMpMX1,45840,0.5468545216251639,26.702739726027396,0.0024996371065217123,0.058935958258353544,,,
145,4440,4296,0.6374536220424548,11.806896551724138,519JV38lA0Dq68w,79285,0.6256949090687913,11.706896551724139,0.0004744529380460452,0.23016821641529958,,,
134,4636,4503,0.6044531761624099,2.8955223880597014,nZoV1Icyh9sc5k3,92606,0.5916405052694117,2.9041044776119405,0.0006092436984728696,0.018015086126228805,,,
172,4642,4471,0.5798690685185025,1.819767441860465,M5mCsb0EXI6UFq0,95667,0.5591660685098544,1.7805232558139537,0.0007030523162890888,0.011314825846528254,,,
181,5421,5241,0.5794806479675675,1.867403314917127,P4pA12F6Jn8qznZ,104652,0.5693960983209475,1.808011049723757,0.000768075974292694,0.030001322681788827,,,
128,4300,4173,0.6205535696667501,2.875,5cupeSjp6Y5nDDa,93103,0.6061504367690473,2.891796875,0.0005465283970843012,0.011918864298744029,0.7684194283405559,2.7519129598875267,78.9
154,5538,5385,0.6819159210112101,2.4155844155844157,jGI486CG18cOk1w,128627,0.6711056509745543,2.4938311688311687,0.0004409138397646281,0.12307678877527475,0.8352055610228613,2.313910665493859,83.3
103,2572,2470,0.6578344338261505,1.3883495145631068,VFNy3AECVK46Azp,98122,0.6358460781151868,1.2747572815533985,0.0011576018968825852,0.006933425658779463,,,
182,5362,5181,0.604004367868319,1.8076923076923077,n2s54l9gQA78M35,107834,0.5864442180709558,1.740934065934066,0.00144661060635581,0.009871013309462426,0.6889866496833843,1.655878307462539,104.3
136,3507,3372,0.669051460597826,1.8602941176470589,gCRBoHvUXn8D7YT,96364,0.6605304220448369,1.7823529411764707,0.0005991669928350615,0.016670270659933317,,,
136,3502,3367,0.6671193763300575,1.8676470588235294,JOVAc75Dr1U52qF,95266,0.6581872720856369,1.7992647058823532,0.0006300700647006672,0.018760810032607454,,,
164,5532,5369,0.6737811403133294,2.9695121951219514,wDUqrpwx02ZL13I,128468,0.6611998116599607,2.852439024390244,0.00036688834576491415,0.14210849555610916,,,
193,6028,5836,0.6189893259685004,1.8704663212435233,XocemZmvmS6Zj8W,114086,0.6074899853200966,1.8209844559585495,0.0004413681569143346,0.03598985512153443,,,
155,4822,4668,0.5620131660018809,3.0580645161290323,tvGkhMX8R5kOUJ9,90970,0.5478652268378894,2.985161290322581,0.0007017094280884903,0.021982871016001104,,,
166,4798,4633,0.5880768072411744,1.819277108433735,0lsx0QC6oP9NDEi,99541,0.5723327879661059,1.7671686746987951,0.0014172167831967661,0.020541638688707814,0.7350505852085643,1.7346090098996398,93.4
172,4645,4474,0.5643385575540829,1.8662790697674418,dYCNw58slrMIaqD,89168,0.5480448616808667,1.7869186046511634,0.0008330853978277451,0.010605486248229467,,,
181,5433,5253,0.5796253525442773,1.8784530386740332,1v7jaXGu6cYWJ5M,104872,0.5696772198230611,1.808011049723757,0.0008824903506086115,0.021101428645820687,,,
134,3494,3361,0.67968,1.8656716417910448,y20k3M9N7erJ5kQ,96203,0.6721423999999999,1.7921641791044778,0.0004274695778649038,0.022669253998632864,,,
162,5623,5462,0.5900308746812405,2.5617283950617282,MG45Gsn0Hu98vVq,114308,0.5773605949840049,2.3851851851851853,0.000639097456910813,0.07462245572030582,,,
152,2847,2696,0.5837817686721992,1.9605263157894737,vDcTE3OBmEiCg6c,101667,0.5662919800311204,1.8388157894736838,0.0008531045886364233,0.03259733984694077,,,
136,3518,3383,0.6721327074346612,1.8676470588235294,8vD07t1M6joPvv9,95896,0.6630910090501565,1.797426470588236,0.0004598977153106356,0.017780591601976103,,,
130,3443,3314,0.665333004387141,1.8692307692307693,20VivGKJSy0zQ2E,96010,0.658246001694788,1.8046153846153845,0.00048793343122605467,0.022081077068318942,,,
193,5998,5806,0.6237317576420858,1.8652849740932642,8SV6hN9W43bDbrH,113326,0.6125659536228681,1.812176165803109,0.00044277490440741474,0.029849011973582643,,,
171,4870,4700,0.5723855017216901,1.9473684210526316,UQOcfMWWqJKjeMY,96157,0.5635758602568024,1.9330409356725144,0.0008905207124418395,0.059161953941931966,0.7369932381873948,1.9205795935275973,95.7
181,5427,5247,0.5799654890563981,1.9005524861878453,056dClH7MlA4muC,104751,0.5706381686495322,1.8466850828729278,0.0008546918140723852,0.029176031337645,,,
130,3444,3315,0.6652687802994551,1.8692307692307693,Ni586s3AxXH73EO,96169,0.6583154575485863,1.8,0.0005466108658624014,0.025279502654084574,,,
154,5493,5340,0.6767578230850106,2.4025974025974026,BCcj9Uo22s4bnNB,128564,0.6654814164471758,2.403246753246753,0.00044700770386411686,0.11519158401915171,,,
